index,seller_type,buyer_type,delivery_time,quantity,unit_price,signed_at,nullified_at,concluded_at,seller,buyer,n_neg_steps,executed_at,erred_at,dropped_at,product
211,OTHER,T20,0,5,10,0,-1,-1,SELLER,04T20@0,0,0,-1,-1,0
137,OTHER,T29,0,4,10,0,-1,-1,SELLER,03T29@0,0,0,-1,-1,0
63,OTHER,T20,0,1,10,0,-1,-1,SELLER,02T20@0,0,0,-1,-1,0
321,OTHER,T20,0,4,10,0,-1,-1,SELLER,02T20@0,0,0,-1,-1,0
371,OTHER,T12,0,6,10,-1,-1,-1,SELLER,00T12@0,0,-1,-1,-1,0
114,OTHER,T12,0,3,10,0,-1,-1,SELLER,00T12@0,0,0,-1,-1,0
191,OTHER,T37,0,4,10,0,-1,-1,SELLER,01T37@0,0,0,-1,-1,0
14,OTHER,T37,0,4,10,0,-1,-1,SELLER,01T37@0,0,0,-1,-1,0
45,OTHER,T29,0,4,10,0,-1,-1,SELLER,03T29@0,0,0,-1,-1,0
287,OTHER,T20,0,5,10,0,-1,-1,SELLER,02T20@0,0,0,-1,-1,0
307,OTHER,T29,0,1,10,0,-1,-1,SELLER,03T29@0,0,0,-1,-1,0
216,OTHER,T37,0,2,10,0,-1,-1,SELLER,01T37@0,0,0,-1,-1,0
266,OTHER,T20,0,2,10,0,-1,-1,SELLER,04T20@0,0,0,-1,-1,0
220,OTHER,T12,0,1,10,0,-1,-1,SELLER,00T12@0,0,0,-1,-1,0
26,OTHER,T20,0,4,10,0,-1,-1,SELLER,04T20@0,0,0,-1,-1,0
100,OTHER,T29,1,2,10,0,-1,-1,SELLER,03T29@0,0,1,-1,-1,0
467,T37,T12,1,10,16,-1,-1,1,07T37@1,10T12@2,17,-1,-1,-1,2
149,OTHER,T20,1,2,10,0,-1,-1,SELLER,02T20@0,0,1,-1,-1,0
468,T37,T37,1,1,11,-1,-1,1,01T37@0,07T37@1,17,-1,-1,-1,1
80,OTHER,T20,1,4,10,0,-1,-1,SELLER,02T20@0,0,1,-1,-1,0
463,T37,T12,1,9,15,-1,-1,1,07T37@1,10T12@2,17,-1,-1,-1,2
120,OTHER,T20,1,6,10,0,-1,-1,SELLER,04T20@0,0,1,-1,-1,0
461,T37,T12,1,10,17,-1,-1,1,07T37@1,10T12@2,17,-1,-1,-1,2
459,T37,T37,1,9,31,-1,-1,1,01T37@0,06T37@1,17,-1,-1,-1,1
72,OTHER,T20,1,3,10,0,-1,-1,SELLER,04T20@0,0,1,-1,-1,0
276,OTHER,T20,1,1,10,0,-1,-1,SELLER,04T20@0,0,1,-1,-1,0
66,OTHER,T20,1,3,10,0,-1,-1,SELLER,02T20@0,0,1,-1,-1,0
128,OTHER,T20,1,3,10,0,-1,-1,SELLER,02T20@0,0,1,-1,-1,0
279,OTHER,T37,1,1,10,0,-1,-1,SELLER,01T37@0,0,1,-1,-1,0
7,OTHER,T37,1,4,10,0,-1,-1,SELLER,01T37@0,0,1,-1,-1,0
155,OTHER,T12,1,4,10,0,-1,-1,SELLER,00T12@0,0,1,-1,-1,0
192,OTHER,T12,1,2,10,0,-1,-1,SELLER,00T12@0,0,1,-1,-1,0
207,OTHER,T12,1,5,10,0,-1,-1,SELLER,00T12@0,0,1,-1,-1,0
310,OTHER,T29,1,2,10,0,-1,-1,SELLER,03T29@0,0,1,-1,-1,0
183,OTHER,T37,1,4,10,0,-1,-1,SELLER,01T37@0,0,1,-1,-1,0
170,OTHER,T29,1,4,10,0,-1,-1,SELLER,03T29@0,0,1,-1,-1,0
322,OTHER,T29,2,1,10,0,-1,-1,SELLER,03T29@0,0,2,-1,-1,0
51,OTHER,T12,2,3,10,0,-1,-1,SELLER,00T12@0,0,2,-1,-1,0
162,OTHER,T20,2,4,10,0,-1,-1,SELLER,04T20@0,0,2,-1,-1,0
79,OTHER,T12,2,4,10,0,-1,-1,SELLER,00T12@0,0,2,-1,-1,0
250,OTHER,T29,2,5,10,0,-1,-1,SELLER,03T29@0,0,2,-1,-1,0
59,OTHER,T20,2,4,10,0,-1,-1,SELLER,02T20@0,0,2,-1,-1,0
457,T37,T37,2,10,31,-1,-1,1,01T37@0,06T37@1,17,-1,-1,-1,1
256,OTHER,T20,2,3,10,0,-1,-1,SELLER,02T20@0,0,2,-1,-1,0
224,OTHER,T20,2,4,10,0,-1,-1,SELLER,04T20@0,0,2,-1,-1,0
96,OTHER,T20,2,2,10,0,-1,-1,SELLER,04T20@0,0,2,-1,-1,0
181,OTHER,T37,2,5,10,0,-1,-1,SELLER,01T37@0,0,2,-1,-1,0
38,OTHER,T37,2,4,10,0,-1,-1,SELLER,01T37@0,0,2,-1,-1,0
213,OTHER,T37,2,2,10,0,-1,-1,SELLER,01T37@0,0,2,-1,-1,0
22,OTHER,T29,2,4,10,0,-1,-1,SELLER,03T29@0,0,2,-1,-1,0
104,OTHER,T12,2,5,10,0,-1,-1,SELLER,00T12@0,0,2,-1,-1,0
504,T37,T12,3,10,15,-1,-1,2,07T37@1,09T12@2,17,-1,-1,-1,2
269,OTHER,T12,3,2,10,0,-1,-1,SELLER,00T12@0,0,3,-1,-1,0
379,T12,OTHER,3,4,44,-1,-1,-1,09T12@2,BUYER,0,-1,-1,-1,3
138,T20,OTHER,3,4,44,0,-1,-1,08T20@2,BUYER,0,3,-1,-1,3
94,OTHER,T12,3,3,10,0,-1,-1,SELLER,00T12@0,0,3,-1,-1,0
99,T20,OTHER,3,3,44,0,-1,-1,08T20@2,BUYER,0,3,-1,-1,3
201,OTHER,T20,3,4,10,0,-1,-1,SELLER,02T20@0,0,3,-1,-1,0
101,OTHER,T29,3,3,10,0,-1,-1,SELLER,03T29@0,0,3,-1,-1,0
374,T12,OTHER,3,3,44,-1,-1,-1,10T12@2,BUYER,0,-1,-1,-1,3
184,T29,OTHER,3,2,44,0,-1,-1,11T29@2,BUYER,0,3,-1,-1,3
124,OTHER,T20,3,2,10,0,-1,-1,SELLER,04T20@0,0,3,-1,-1,0
363,T12,OTHER,3,4,44,-1,-1,-1,10T12@2,BUYER,0,-1,-1,-1,3
215,OTHER,T20,3,3,10,0,-1,-1,SELLER,02T20@0,0,3,-1,-1,0
385,T12,OTHER,3,2,44,-1,-1,-1,09T12@2,BUYER,0,-1,-1,-1,3
268,T20,OTHER,3,2,44,0,-1,-1,08T20@2,BUYER,0,3,-1,-1,3
323,OTHER,T20,3,4,10,0,-1,-1,SELLER,02T20@0,0,3,-1,-1,0
49,OTHER,T29,3,3,10,0,-1,-1,SELLER,03T29@0,0,3,-1,-1,0
9,OTHER,T12,3,1,10,0,-1,-1,SELLER,00T12@0,0,3,-1,-1,0
8,OTHER,T20,3,6,10,0,-1,-1,SELLER,04T20@0,0,3,-1,-1,0
47,T29,OTHER,3,3,44,0,-1,-1,11T29@2,BUYER,0,3,-1,-1,3
43,OTHER,T20,3,3,10,0,-1,-1,SELLER,02T20@0,0,3,-1,-1,0
4,OTHER,T37,3,4,10,0,-1,-1,SELLER,01T37@0,0,3,-1,-1,0
30,T20,OTHER,3,3,44,0,-1,-1,08T20@2,BUYER,0,3,-1,-1,3
304,OTHER,T37,3,3,10,0,-1,-1,SELLER,01T37@0,0,3,-1,-1,0
289,OTHER,T12,3,5,10,0,-1,-1,SELLER,00T12@0,0,3,-1,-1,0
60,OTHER,T12,3,4,10,0,-1,-1,SELLER,00T12@0,0,3,-1,-1,0
348,T12,OTHER,4,3,44,-1,-1,-1,09T12@2,BUYER,0,-1,-1,-1,3
359,T12,OTHER,4,4,44,-1,-1,-1,10T12@2,BUYER,0,-1,-1,-1,3
260,OTHER,T12,4,2,10,0,-1,-1,SELLER,00T12@0,0,4,-1,-1,0
291,T20,OTHER,4,3,44,0,-1,-1,08T20@2,BUYER,0,4,-1,-1,3
17,T20,OTHER,4,3,44,0,-1,-1,08T20@2,BUYER,0,4,-1,-1,3
44,OTHER,T37,4,5,10,0,-1,-1,SELLER,01T37@0,0,4,-1,-1,0
112,T20,OTHER,4,4,44,0,-1,-1,08T20@2,BUYER,0,4,-1,-1,3
456,T12,T37,4,10,31,-1,-1,1,00T12@0,07T37@1,17,-1,-1,-1,1
259,OTHER,T20,4,3,10,0,-1,-1,SELLER,04T20@0,0,4,-1,-1,0
15,OTHER,T20,4,2,10,0,-1,-1,SELLER,02T20@0,0,4,-1,-1,0
53,OTHER,T37,4,3,10,0,-1,-1,SELLER,01T37@0,0,4,-1,-1,0
194,OTHER,T29,4,1,10,0,-1,-1,SELLER,03T29@0,0,4,-1,-1,0
62,OTHER,T12,4,4,10,0,-1,-1,SELLER,00T12@0,0,4,-1,-1,0
412,T12,OTHER,4,2,44,-1,-1,-1,09T12@2,BUYER,0,-1,-1,-1,3
29,OTHER,T37,4,4,10,0,-1,-1,SELLER,01T37@0,0,4,-1,-1,0
309,OTHER,T20,4,1,10,0,-1,-1,SELLER,02T20@0,0,4,-1,-1,0
208,OTHER,T29,4,3,10,0,-1,-1,SELLER,03T29@0,0,4,-1,-1,0
529,T37,T12,4,2,33,3,-1,3,06T37@1,09T12@2,17,4,-1,-1,2
71,OTHER,T20,4,3,10,0,-1,-1,SELLER,04T20@0,0,4,-1,-1,0
58,T29,OTHER,4,3,44,0,-1,-1,11T29@2,BUYER,0,4,-1,-1,3
272,T29,OTHER,4,1,44,0,-1,-1,11T29@2,BUYER,0,4,-1,-1,3
236,T29,OTHER,4,4,44,0,-1,-1,11T29@2,BUYER,0,4,-1,-1,3
143,OTHER,T20,4,3,10,0,-1,-1,SELLER,04T20@0,0,4,-1,-1,0
422,T37,T37,4,10,31,1,-1,1,01T37@0,06T37@1,17,4,-1,-1,1
429,T37,T37,4,10,31,1,-1,1,01T37@0,07T37@1,17,4,-1,-1,1
384,T12,OTHER,4,3,44,-1,-1,-1,10T12@2,BUYER,0,-1,-1,-1,3
238,OTHER,T37,4,2,10,0,-1,-1,SELLER,01T37@0,0,4,-1,-1,0
239,OTHER,T29,4,5,10,0,-1,-1,SELLER,03T29@0,0,4,-1,-1,0
163,OTHER,T20,4,5,10,0,-1,-1,SELLER,02T20@0,0,4,-1,-1,0
282,OTHER,T12,4,2,10,0,-1,-1,SELLER,00T12@0,0,4,-1,-1,0
263,OTHER,T37,4,2,10,0,-1,-1,SELLER,01T37@0,0,4,-1,-1,0
462,T37,T37,4,1,11,-1,-1,1,01T37@0,06T37@1,17,-1,-1,-1,1
293,OTHER,T20,5,2,10,0,-1,-1,SELLER,04T20@0,0,5,-1,-1,0
253,T20,OTHER,5,3,44,0,-1,-1,08T20@2,BUYER,0,5,-1,-1,3
313,T29,OTHER,5,2,44,0,-1,-1,11T29@2,BUYER,0,5,-1,-1,3
168,OTHER,T29,5,3,10,0,-1,-1,SELLER,03T29@0,0,5,-1,-1,0
244,T20,OTHER,5,2,44,0,-1,-1,08T20@2,BUYER,0,5,-1,-1,3
171,T20,OTHER,5,4,44,0,-1,-1,08T20@2,BUYER,0,5,-1,-1,3
24,OTHER,T20,5,4,10,0,-1,-1,SELLER,04T20@0,0,5,-1,-1,0
230,OTHER,T37,5,4,10,0,-1,-1,SELLER,01T37@0,0,5,-1,-1,0
405,OTHER,T12,5,6,10,-1,-1,-1,SELLER,00T12@0,0,-1,-1,-1,0
299,OTHER,T20,5,2,10,0,-1,-1,SELLER,02T20@0,0,5,-1,-1,0
460,T12,T37,5,10,31,-1,-1,1,00T12@0,07T37@1,17,-1,-1,-1,1
464,T12,T37,5,1,22,-1,-1,1,00T12@0,07T37@1,17,-1,-1,-1,1
180,OTHER,T29,5,5,10,0,-1,-1,SELLER,03T29@0,0,5,-1,-1,0
338,OTHER,T29,5,3,10,0,-1,-1,SELLER,03T29@0,0,5,-1,-1,0
342,T12,OTHER,5,4,44,-1,-1,-1,10T12@2,BUYER,0,-1,-1,-1,3
314,OTHER,T29,5,2,10,0,-1,-1,SELLER,03T29@0,0,5,-1,-1,0
378,T12,OTHER,5,5,44,-1,-1,-1,09T12@2,BUYER,0,-1,-1,-1,3
477,T37,T12,5,10,16,-1,-1,1,07T37@1,09T12@2,17,-1,-1,-1,2
262,OTHER,T20,5,7,10,0,-1,-1,SELLER,02T20@0,0,5,-1,-1,0
474,T37,T37,5,1,11,-1,-1,1,01T37@0,07T37@1,17,-1,-1,-1,1
473,T12,T37,5,1,22,-1,-1,1,00T12@0,06T37@1,17,-1,-1,-1,1
118,T20,OTHER,5,3,44,0,-1,-1,08T20@2,BUYER,0,5,-1,-1,3
347,T12,OTHER,5,2,44,-1,-1,-1,09T12@2,BUYER,0,-1,-1,-1,3
107,OTHER,T20,5,5,10,0,-1,-1,SELLER,04T20@0,0,5,-1,-1,0
110,OTHER,T12,5,5,10,0,-1,-1,SELLER,00T12@0,0,5,-1,-1,0
103,OTHER,T37,5,2,10,0,-1,-1,SELLER,01T37@0,0,5,-1,-1,0
380,T12,OTHER,5,2,44,-1,-1,-1,10T12@2,BUYER,0,-1,-1,-1,3
329,T29,OTHER,5,3,44,0,-1,-1,11T29@2,BUYER,0,5,-1,-1,3
465,T37,T37,5,1,11,-1,-1,1,01T37@0,06T37@1,17,-1,-1,-1,1
25,OTHER,T12,6,4,10,0,-1,-1,SELLER,00T12@0,0,6,-1,-1,0
3,OTHER,T12,6,3,10,0,-1,-1,SELLER,00T12@0,0,6,-1,-1,0
317,OTHER,T20,6,3,10,0,-1,-1,SELLER,04T20@0,0,6,-1,-1,0
433,T37,T37,6,9,31,1,-1,1,01T37@0,07T37@1,17,6,-1,-1,1
205,T29,OTHER,6,4,44,0,-1,-1,11T29@2,BUYER,0,6,-1,-1,3
160,OTHER,T37,6,3,10,0,-1,-1,SELLER,01T37@0,0,6,-1,-1,0
188,OTHER,T37,6,3,10,0,-1,-1,SELLER,01T37@0,0,6,-1,-1,0
530,T37,T12,6,2,30,3,-1,3,06T37@1,10T12@2,17,6,-1,-1,2
10,T20,OTHER,6,3,44,0,-1,-1,08T20@2,BUYER,0,6,-1,-1,3
372,T12,OTHER,6,4,44,-1,-1,-1,10T12@2,BUYER,0,-1,-1,-1,3
196,OTHER,T20,6,4,10,0,-1,-1,SELLER,04T20@0,0,6,-1,-1,0
388,T12,OTHER,6,4,44,-1,-1,-1,09T12@2,BUYER,0,-1,-1,-1,3
12,OTHER,T29,6,5,10,0,-1,-1,SELLER,03T29@0,0,6,-1,-1,0
367,T12,OTHER,6,1,44,-1,-1,-1,10T12@2,BUYER,0,-1,-1,-1,3
435,T37,T12,6,2,30,1,-1,1,06T37@1,09T12@2,17,6,-1,-1,2
28,T29,OTHER,6,2,44,0,-1,-1,11T29@2,BUYER,0,6,-1,-1,3
248,OTHER,T20,6,1,10,0,-1,-1,SELLER,02T20@0,0,6,-1,-1,0
319,OTHER,T29,6,4,10,0,-1,-1,SELLER,03T29@0,0,6,-1,-1,0
255,OTHER,T29,6,4,10,0,-1,-1,SELLER,03T29@0,0,6,-1,-1,0
93,OTHER,T20,6,2,10,0,-1,-1,SELLER,02T20@0,0,6,-1,-1,0
471,T12,T37,6,9,32,-1,-1,1,00T12@0,06T37@1,17,-1,-1,-1,1
453,T37,T37,6,9,31,1,-1,1,01T37@0,06T37@1,17,6,-1,-1,1
452,T37,T12,6,2,30,1,-1,1,06T37@1,09T12@2,17,6,-1,-1,2
510,T37,T12,6,2,30,3,-1,3,06T37@1,10T12@2,17,6,-1,-1,2
89,OTHER,T29,6,1,10,0,-1,-1,SELLER,03T29@0,0,6,-1,-1,0
91,OTHER,T20,6,2,10,0,-1,-1,SELLER,02T20@0,0,6,-1,-1,0
336,OTHER,T20,6,7,10,0,-1,-1,SELLER,02T20@0,0,6,-1,-1,0
442,T37,T37,6,9,32,1,-1,1,01T37@0,07T37@1,17,6,-1,-1,1
357,T12,OTHER,6,5,44,-1,-1,-1,10T12@2,BUYER,0,-1,-1,-1,3
146,T20,OTHER,6,3,44,0,-1,-1,08T20@2,BUYER,0,6,-1,-1,3
116,T29,OTHER,6,4,44,0,-1,-1,11T29@2,BUYER,0,6,-1,-1,3
41,OTHER,T12,6,4,10,0,-1,-1,SELLER,00T12@0,0,6,-1,-1,0
448,T37,T12,6,2,30,1,-1,1,06T37@1,10T12@2,17,6,-1,-1,2
472,T12,T37,7,10,31,-1,-1,1,00T12@0,06T37@1,17,-1,-1,-1,1
11,OTHER,T20,7,3,10,0,-1,-1,SELLER,02T20@0,0,7,-1,-1,0
189,T29,OTHER,7,2,44,0,-1,-1,11T29@2,BUYER,0,7,-1,-1,3
92,OTHER,T37,7,3,10,0,-1,-1,SELLER,01T37@0,0,7,-1,-1,0
360,T12,OTHER,7,4,44,-1,-1,-1,09T12@2,BUYER,0,-1,-1,-1,3
56,OTHER,T37,7,3,10,0,-1,-1,SELLER,01T37@0,0,7,-1,-1,0
376,T12,OTHER,7,4,44,-1,-1,-1,09T12@2,BUYER,0,-1,-1,-1,3
6,OTHER,T20,7,4,10,0,-1,-1,SELLER,04T20@0,0,7,-1,-1,0
77,T20,OTHER,7,2,44,0,-1,-1,08T20@2,BUYER,0,7,-1,-1,3
341,OTHER,T29,7,3,10,0,-1,-1,SELLER,03T29@0,0,7,-1,-1,0
278,OTHER,T29,7,4,10,0,-1,-1,SELLER,03T29@0,0,7,-1,-1,0
67,OTHER,T12,7,5,10,0,-1,-1,SELLER,00T12@0,0,7,-1,-1,0
346,T12,OTHER,7,4,44,-1,-1,-1,10T12@2,BUYER,0,-1,-1,-1,3
286,OTHER,T37,7,2,10,0,-1,-1,SELLER,01T37@0,0,7,-1,-1,0
105,OTHER,T20,7,3,10,0,-1,-1,SELLER,04T20@0,0,7,-1,-1,0
366,T12,OTHER,7,2,44,-1,-1,-1,09T12@2,BUYER,0,-1,-1,-1,3
318,OTHER,T20,7,3,10,0,-1,-1,SELLER,04T20@0,0,7,-1,-1,0
142,OTHER,T29,7,3,10,0,-1,-1,SELLER,03T29@0,0,7,-1,-1,0
111,OTHER,T12,7,2,10,0,-1,-1,SELLER,00T12@0,0,7,-1,-1,0
34,T29,OTHER,7,3,44,0,-1,-1,11T29@2,BUYER,0,7,-1,-1,3
406,T12,OTHER,7,3,44,-1,-1,-1,10T12@2,BUYER,0,-1,-1,-1,3
292,OTHER,T29,7,2,10,0,-1,-1,SELLER,03T29@0,0,7,-1,-1,0
134,OTHER,T20,7,2,10,0,-1,-1,SELLER,04T20@0,0,7,-1,-1,0
399,T12,OTHER,7,3,44,-1,-1,-1,09T12@2,BUYER,0,-1,-1,-1,3
147,T20,OTHER,7,3,44,0,-1,-1,08T20@2,BUYER,0,7,-1,-1,3
438,T37,T37,7,9,32,1,-1,1,01T37@0,07T37@1,17,7,-1,-1,1
153,OTHER,T12,7,1,10,0,-1,-1,SELLER,00T12@0,0,7,-1,-1,0
113,OTHER,T20,7,2,10,0,-1,-1,SELLER,02T20@0,0,7,-1,-1,0
18,OTHER,T20,7,5,10,0,-1,-1,SELLER,02T20@0,0,7,-1,-1,0
247,OTHER,T20,8,2,10,0,-1,-1,SELLER,02T20@0,0,8,-1,-1,0
280,OTHER,T12,8,1,10,0,-1,-1,SELLER,00T12@0,0,8,-1,-1,0
361,T12,OTHER,8,3,44,-1,-1,-1,10T12@2,BUYER,0,-1,-1,-1,3
315,OTHER,T20,8,6,10,0,-1,-1,SELLER,04T20@0,0,8,-1,-1,0
334,T20,OTHER,8,1,44,0,-1,-1,08T20@2,BUYER,0,8,-1,-1,3
265,T20,OTHER,8,3,44,0,-1,-1,08T20@2,BUYER,0,8,-1,-1,3
258,OTHER,T20,8,4,10,0,-1,-1,SELLER,02T20@0,0,8,-1,-1,0
368,T12,OTHER,8,1,44,-1,-1,-1,09T12@2,BUYER,0,-1,-1,-1,3
332,OTHER,T20,8,3,10,0,-1,-1,SELLER,02T20@0,0,8,-1,-1,0
373,T12,OTHER,8,4,44,-1,-1,-1,10T12@2,BUYER,0,-1,-1,-1,3
235,T20,OTHER,8,6,44,0,-1,-1,08T20@2,BUYER,0,8,-1,-1,3
226,OTHER,T20,8,4,10,0,-1,-1,SELLER,02T20@0,0,8,-1,-1,0
312,OTHER,T37,8,4,10,0,-1,-1,SELLER,01T37@0,0,8,-1,-1,0
39,OTHER,T29,8,4,10,0,-1,-1,SELLER,03T29@0,0,8,-1,-1,0
437,T37,T37,8,16,30,1,-1,1,01T37@0,06T37@1,17,8,-1,-1,1
410,T12,OTHER,8,6,44,-1,-1,-1,09T12@2,BUYER,0,-1,-1,-1,3
439,T37,T37,8,21,30,1,-1,1,01T37@0,07T37@1,17,8,-1,-1,1
408,T12,OTHER,8,1,44,-1,-1,-1,10T12@2,BUYER,0,-1,-1,-1,3
174,OTHER,T12,8,4,10,0,-1,-1,SELLER,00T12@0,0,8,-1,-1,0
550,T37,T12,8,2,30,4,-1,4,06T37@1,10T12@2,17,8,-1,-1,2
19,OTHER,T20,8,1,10,0,-1,-1,SELLER,04T20@0,0,8,-1,-1,0
33,OTHER,T12,8,3,10,0,-1,-1,SELLER,00T12@0,0,8,-1,-1,0
40,OTHER,T20,8,3,10,0,-1,-1,SELLER,04T20@0,0,8,-1,-1,0
135,OTHER,T12,8,5,10,0,-1,-1,SELLER,00T12@0,0,8,-1,-1,0
35,T29,OTHER,8,2,44,0,-1,-1,11T29@2,BUYER,0,8,-1,-1,3
455,T12,T37,8,10,31,-1,-1,1,00T12@0,07T37@1,17,-1,-1,-1,1
5,OTHER,T29,8,3,10,0,-1,-1,SELLER,03T29@0,0,8,-1,-1,0
83,T29,OTHER,8,3,44,0,-1,-1,11T29@2,BUYER,0,8,-1,-1,3
123,OTHER,T29,8,3,10,0,-1,-1,SELLER,03T29@0,0,8,-1,-1,0
545,T37,T12,8,2,30,4,-1,4,06T37@1,09T12@2,17,8,-1,-1,2
352,T12,OTHER,9,3,44,-1,-1,-1,10T12@2,BUYER,0,-1,-1,-1,3
583,T37,T12,9,2,30,5,-1,5,06T37@1,10T12@2,17,9,-1,-1,2
445,T37,T12,9,2,32,1,-1,1,06T37@1,10T12@2,17,9,-1,-1,2
577,T37,T12,9,2,30,5,-1,5,06T37@1,10T12@2,17,9,-1,-1,2
50,OTHER,T20,9,2,10,0,-1,-1,SELLER,02T20@0,0,9,-1,-1,0
525,T37,T12,9,2,30,3,-1,3,07T37@1,09T12@2,17,9,-1,-1,2
275,OTHER,T20,9,2,10,0,-1,-1,SELLER,04T20@0,0,9,-1,-1,0
85,OTHER,T37,9,5,10,0,-1,-1,SELLER,01T37@0,0,9,-1,-1,0
353,T12,OTHER,9,3,44,-1,-1,-1,10T12@2,BUYER,0,-1,-1,-1,3
151,T29,OTHER,9,5,44,0,-1,-1,11T29@2,BUYER,0,9,-1,-1,3
267,OTHER,T12,9,4,10,0,-1,-1,SELLER,00T12@0,0,9,-1,-1,0
106,OTHER,T20,9,1,10,0,-1,-1,SELLER,04T20@0,0,9,-1,-1,0
206,T29,OTHER,9,2,44,0,-1,-1,11T29@2,BUYER,0,9,-1,-1,3
381,T12,OTHER,9,1,44,-1,-1,-1,10T12@2,BUYER,0,-1,-1,-1,3
2,OTHER,T29,9,5,10,0,-1,-1,SELLER,03T29@0,0,9,-1,-1,0
218,OTHER,T37,9,3,10,0,-1,-1,SELLER,01T37@0,0,9,-1,-1,0
199,OTHER,T12,9,3,10,0,-1,-1,SELLER,00T12@0,0,9,-1,-1,0
548,T37,T12,9,2,30,4,-1,4,07T37@1,10T12@2,17,9,-1,-1,2
190,T20,OTHER,9,4,44,0,-1,-1,08T20@2,BUYER,0,9,-1,-1,3
164,OTHER,T20,9,5,10,0,-1,-1,SELLER,04T20@0,0,9,-1,-1,0
187,OTHER,T20,9,3,10,0,-1,-1,SELLER,04T20@0,0,9,-1,-1,0
396,OTHER,T12,9,7,10,-1,-1,-1,SELLER,00T12@0,0,-1,-1,-1,0
397,T12,OTHER,9,4,44,-1,-1,-1,09T12@2,BUYER,0,-1,-1,-1,3
698,T37,T12,9,10,15,-1,-1,8,07T37@1,09T12@2,17,-1,-1,-1,2
176,OTHER,T20,9,4,10,0,-1,-1,SELLER,04T20@0,0,9,-1,-1,0
23,T29,OTHER,9,2,44,0,-1,-1,11T29@2,BUYER,0,9,-1,-1,3
544,T37,T12,9,2,30,4,-1,4,07T37@1,09T12@2,17,9,-1,-1,2
413,T12,OTHER,9,6,44,-1,-1,-1,10T12@2,BUYER,0,-1,-1,-1,3
16,OTHER,T20,9,4,10,0,-1,-1,SELLER,02T20@0,0,9,-1,-1,0
90,OTHER,T37,9,2,10,0,-1,-1,SELLER,01T37@0,0,9,-1,-1,0
603,T37,T12,10,2,30,5,-1,5,07T37@1,10T12@2,17,10,-1,-1,2
337,OTHER,T29,10,4,10,0,-1,-1,SELLER,03T29@0,0,10,-1,-1,0
209,OTHER,T20,10,1,10,0,-1,-1,SELLER,04T20@0,0,10,-1,-1,0
596,T37,T12,10,2,30,5,-1,5,07T37@1,09T12@2,17,10,-1,-1,2
48,OTHER,T37,10,2,10,0,-1,-1,SELLER,01T37@0,0,10,-1,-1,0
325,OTHER,T12,10,2,10,0,-1,-1,SELLER,00T12@0,0,10,-1,-1,0
324,OTHER,T37,10,4,10,0,-1,-1,SELLER,01T37@0,0,10,-1,-1,0
320,OTHER,T12,10,3,10,0,-1,-1,SELLER,00T12@0,0,10,-1,-1,0
31,T20,OTHER,10,4,44,0,-1,-1,08T20@2,BUYER,0,10,-1,-1,3
303,T29,OTHER,10,2,44,0,-1,-1,11T29@2,BUYER,0,10,-1,-1,3
599,T37,T12,10,2,30,5,-1,5,07T37@1,10T12@2,17,10,-1,-1,2
506,T12,T37,10,10,31,-1,-1,2,00T12@0,07T37@1,17,-1,-1,-1,1
156,OTHER,T20,10,2,10,0,-1,-1,SELLER,02T20@0,0,10,-1,-1,0
139,T29,OTHER,10,3,44,0,-1,-1,11T29@2,BUYER,0,10,-1,-1,3
434,T37,T37,10,20,30,1,-1,1,01T37@0,06T37@1,17,10,-1,-1,1
243,OTHER,T20,10,6,10,0,-1,-1,SELLER,04T20@0,0,10,-1,-1,0
148,OTHER,T29,10,4,10,0,-1,-1,SELLER,03T29@0,0,10,-1,-1,0
356,OTHER,T12,10,6,10,-1,-1,-1,SELLER,00T12@0,0,-1,-1,-1,0
646,T37,T12,10,2,30,7,-1,7,06T37@1,10T12@2,17,10,-1,-1,2
249,OTHER,T20,10,2,10,0,-1,-1,SELLER,04T20@0,0,10,-1,-1,0
409,T12,OTHER,10,4,44,-1,-1,-1,10T12@2,BUYER,0,-1,-1,-1,3
401,T12,OTHER,10,4,44,-1,-1,-1,09T12@2,BUYER,0,-1,-1,-1,3
129,T20,OTHER,10,3,44,0,-1,-1,08T20@2,BUYER,0,10,-1,-1,3
420,T12,OTHER,10,5,44,-1,-1,-1,09T12@2,BUYER,0,-1,-1,-1,3
121,OTHER,T37,10,5,10,0,-1,-1,SELLER,01T37@0,0,10,-1,-1,0
210,OTHER,T12,10,2,10,0,-1,-1,SELLER,00T12@0,0,10,-1,-1,0
479,T37,T12,10,2,32,2,-1,2,06T37@1,09T12@2,17,10,-1,-1,2
227,OTHER,T20,10,3,10,0,-1,-1,SELLER,02T20@0,0,10,-1,-1,0
393,T12,OTHER,10,1,44,-1,-1,-1,10T12@2,BUYER,0,-1,-1,-1,3
390,T12,OTHER,10,1,44,-1,-1,-1,09T12@2,BUYER,0,-1,-1,-1,3
486,T37,T12,10,2,32,2,-1,2,06T37@1,10T12@2,17,10,-1,-1,2
383,T12,OTHER,10,3,44,-1,-1,-1,10T12@2,BUYER,0,-1,-1,-1,3
204,OTHER,T20,10,3,10,0,-1,-1,SELLER,04T20@0,0,10,-1,-1,0
117,OTHER,T29,10,1,10,0,-1,-1,SELLER,03T29@0,0,10,-1,-1,0
369,T12,OTHER,11,5,44,-1,-1,-1,10T12@2,BUYER,0,-1,-1,-1,3
364,T12,OTHER,11,4,44,-1,-1,-1,09T12@2,BUYER,0,-1,-1,-1,3
316,OTHER,T37,11,2,10,0,-1,-1,SELLER,01T37@0,0,11,-1,-1,0
382,T12,OTHER,11,2,44,-1,-1,-1,10T12@2,BUYER,0,-1,-1,-1,3
558,T37,T12,11,2,32,4,-1,4,07T37@1,10T12@2,17,11,-1,-1,2
636,T37,T12,11,2,30,6,-1,6,07T37@1,10T12@2,17,11,-1,-1,2
454,T12,T37,11,9,32,-1,-1,1,00T12@0,06T37@1,17,-1,-1,-1,1
349,OTHER,T12,11,7,10,-1,-1,-1,SELLER,00T12@0,0,-1,-1,-1,0
327,OTHER,T20,11,6,10,0,-1,-1,SELLER,02T20@0,0,11,-1,-1,0
520,T12,T37,11,2,20,3,-1,3,00T12@0,06T37@1,17,11,-1,-1,1
514,T37,T12,11,2,32,3,-1,3,07T37@1,10T12@2,17,11,-1,-1,2
621,T37,T12,11,2,30,6,-1,6,07T37@1,10T12@2,17,11,-1,-1,2
624,T37,T12,11,2,30,6,-1,6,07T37@1,09T12@2,17,11,-1,-1,2
631,T37,T12,11,2,30,6,-1,6,06T37@1,09T12@2,17,11,-1,-1,2
633,T37,T12,11,2,30,6,-1,6,06T37@1,10T12@2,17,11,-1,-1,2
344,T12,OTHER,11,3,44,-1,-1,-1,10T12@2,BUYER,0,-1,-1,-1,3
489,T12,T37,11,2,22,2,-1,2,00T12@0,06T37@1,17,11,-1,-1,1
362,T12,OTHER,11,2,44,-1,-1,-1,10T12@2,BUYER,0,-1,-1,-1,3
758,T37,T12,11,10,15,-1,-1,10,07T37@1,09T12@2,17,-1,-1,-1,2
540,T37,T12,11,2,32,4,-1,4,06T37@1,10T12@2,17,11,-1,-1,2
69,T20,OTHER,11,4,44,0,-1,-1,08T20@2,BUYER,0,11,-1,-1,3
281,OTHER,T20,11,5,10,0,-1,-1,SELLER,04T20@0,0,11,-1,-1,0
61,T29,OTHER,11,3,44,0,-1,-1,11T29@2,BUYER,0,11,-1,-1,3
13,OTHER,T37,11,3,10,0,-1,-1,SELLER,01T37@0,0,11,-1,-1,0
54,OTHER,T20,11,1,10,0,-1,-1,SELLER,02T20@0,0,11,-1,-1,0
246,OTHER,T12,11,1,10,0,-1,-1,SELLER,00T12@0,0,11,-1,-1,0
87,OTHER,T12,11,2,10,0,-1,-1,SELLER,00T12@0,0,11,-1,-1,0
242,T29,OTHER,11,3,44,0,-1,-1,11T29@2,BUYER,0,11,-1,-1,3
42,OTHER,T20,11,3,10,0,-1,-1,SELLER,02T20@0,0,11,-1,-1,0
273,OTHER,T29,11,5,10,0,-1,-1,SELLER,03T29@0,0,11,-1,-1,0
251,OTHER,T37,11,4,10,0,-1,-1,SELLER,01T37@0,0,11,-1,-1,0
98,OTHER,T29,11,2,10,0,-1,-1,SELLER,03T29@0,0,11,-1,-1,0
185,OTHER,T20,11,2,10,0,-1,-1,SELLER,04T20@0,0,11,-1,-1,0
127,T20,OTHER,11,1,44,0,-1,-1,08T20@2,BUYER,0,11,-1,-1,3
27,OTHER,T20,11,3,10,0,-1,-1,SELLER,04T20@0,0,11,-1,-1,0
306,T20,OTHER,11,3,44,0,-1,-1,08T20@2,BUYER,0,11,-1,-1,3
296,OTHER,T20,11,2,10,0,-1,-1,SELLER,04T20@0,0,11,-1,-1,0
283,OTHER,T29,11,2,10,0,-1,-1,SELLER,03T29@0,0,11,-1,-1,0
354,T12,OTHER,12,4,44,-1,-1,-1,09T12@2,BUYER,0,-1,-1,-1,3
355,T12,OTHER,12,2,44,-1,-1,-1,09T12@2,BUYER,0,-1,-1,-1,3
799,T37,T12,12,2,33,-1,-1,11,07T37@1,09T12@2,17,-1,-1,-1,2
257,T29,OTHER,12,5,44,0,-1,-1,11T29@2,BUYER,0,12,-1,-1,3
527,T12,T37,12,2,22,3,-1,3,00T12@0,07T37@1,17,12,-1,-1,1
233,OTHER,T12,12,1,10,0,-1,-1,SELLER,00T12@0,0,12,-1,-1,0
161,OTHER,T20,12,3,10,0,-1,-1,SELLER,02T20@0,0,12,-1,-1,0
166,OTHER,T12,12,4,10,0,-1,-1,SELLER,00T12@0,0,12,-1,-1,0
403,T12,OTHER,12,4,44,-1,-1,-1,10T12@2,BUYER,0,-1,-1,-1,3
593,T37,T12,12,2,32,5,-1,5,06T37@1,09T12@2,17,12,-1,-1,2
182,T29,OTHER,12,2,44,0,-1,-1,11T29@2,BUYER,0,12,-1,-1,3
222,OTHER,T29,12,3,10,0,-1,-1,SELLER,03T29@0,0,12,-1,-1,0
391,T12,OTHER,12,2,44,-1,-1,-1,09T12@2,BUYER,0,-1,-1,-1,3
193,T20,OTHER,12,4,44,0,-1,-1,08T20@2,BUYER,0,12,-1,-1,3
573,T12,T37,12,10,31,-1,-1,4,00T12@0,06T37@1,17,-1,-1,-1,1
158,OTHER,T20,12,3,10,0,-1,-1,SELLER,02T20@0,0,12,-1,-1,0
136,T29,OTHER,12,2,44,0,-1,-1,11T29@2,BUYER,0,12,-1,-1,3
200,OTHER,T12,12,5,10,0,-1,-1,SELLER,00T12@0,0,12,-1,-1,0
202,OTHER,T37,12,2,10,0,-1,-1,SELLER,01T37@0,0,12,-1,-1,0
290,OTHER,T29,12,4,10,0,-1,-1,SELLER,03T29@0,0,12,-1,-1,0
297,T20,OTHER,12,1,44,0,-1,-1,08T20@2,BUYER,0,12,-1,-1,3
682,T37,T12,12,2,30,8,-1,8,06T37@1,10T12@2,17,12,-1,-1,2
672,T37,T12,12,2,30,8,-1,8,06T37@1,09T12@2,17,12,-1,-1,2
288,OTHER,T20,12,4,10,0,-1,-1,SELLER,04T20@0,0,12,-1,-1,0
702,T37,T12,12,10,16,-1,-1,8,07T37@1,10T12@2,17,-1,-1,-1,2
284,OTHER,T37,12,6,10,0,-1,-1,SELLER,01T37@0,0,12,-1,-1,0
684,T37,T12,12,2,30,8,-1,8,06T37@1,09T12@2,17,12,-1,-1,2
333,OTHER,T20,12,3,10,0,-1,-1,SELLER,02T20@0,0,12,-1,-1,0
659,T37,T37,12,10,31,7,-1,7,01T37@0,06T37@1,17,12,-1,-1,1
68,OTHER,T37,12,3,10,0,-1,-1,SELLER,01T37@0,0,12,-1,-1,0
97,OTHER,T12,12,3,10,0,-1,-1,SELLER,00T12@0,0,12,-1,-1,0
109,OTHER,T29,12,3,10,0,-1,-1,SELLER,03T29@0,0,12,-1,-1,0
335,OTHER,T20,12,3,10,0,-1,-1,SELLER,04T20@0,0,12,-1,-1,0
295,T20,OTHER,12,4,44,0,-1,-1,08T20@2,BUYER,0,12,-1,-1,3
389,T12,OTHER,13,4,44,-1,-1,-1,10T12@2,BUYER,0,-1,-1,-1,3
669,T37,T12,13,9,16,-1,-1,7,07T37@1,10T12@2,17,-1,-1,-1,2
186,OTHER,T20,13,3,10,0,-1,-1,SELLER,04T20@0,0,13,-1,-1,0
195,T29,OTHER,13,5,44,0,-1,-1,11T29@2,BUYER,0,13,-1,-1,3
387,T12,OTHER,13,4,44,-1,-1,-1,09T12@2,BUYER,0,-1,-1,-1,3
655,T37,T12,13,2,32,7,-1,7,06T37@1,10T12@2,17,13,-1,-1,2
418,T12,OTHER,13,2,44,-1,-1,-1,10T12@2,BUYER,0,-1,-1,-1,3
687,T37,T37,13,16,33,8,-1,8,01T37@0,06T37@1,17,13,-1,-1,1
132,T29,OTHER,13,2,44,0,-1,-1,11T29@2,BUYER,0,13,-1,-1,3
81,OTHER,T37,13,3,10,0,-1,-1,SELLER,01T37@0,0,13,-1,-1,0
606,T12,T37,13,2,20,-1,-1,5,00T12@0,06T37@1,17,-1,-1,-1,1
607,T12,T37,13,10,31,-1,-1,5,00T12@0,07T37@1,17,-1,-1,-1,1
810,T37,T12,13,2,33,12,-1,12,06T37@1,10T12@2,17,13,-1,-1,2
82,OTHER,T37,13,5,10,0,-1,-1,SELLER,01T37@0,0,13,-1,-1,0
86,OTHER,T20,13,3,10,0,-1,-1,SELLER,04T20@0,0,13,-1,-1,0
57,T20,OTHER,13,3,44,0,-1,-1,08T20@2,BUYER,0,13,-1,-1,3
175,OTHER,T20,13,5,10,0,-1,-1,SELLER,02T20@0,0,13,-1,-1,0
0,OTHER,T12,13,2,10,0,-1,-1,SELLER,00T12@0,0,13,-1,-1,0
638,T12,T37,13,2,20,-1,-1,6,00T12@0,07T37@1,17,-1,-1,-1,1
339,OTHER,T29,13,5,10,0,-1,-1,SELLER,03T29@0,0,13,-1,-1,0
370,T12,OTHER,13,5,44,-1,-1,-1,09T12@2,BUYER,0,-1,-1,-1,3
234,OTHER,T20,13,4,10,0,-1,-1,SELLER,04T20@0,0,13,-1,-1,0
294,OTHER,T29,13,3,10,0,-1,-1,SELLER,03T29@0,0,13,-1,-1,0
343,T12,OTHER,13,3,44,-1,-1,-1,09T12@2,BUYER,0,-1,-1,-1,3
277,OTHER,T20,13,3,10,0,-1,-1,SELLER,04T20@0,0,13,-1,-1,0
228,OTHER,T37,13,2,10,0,-1,-1,SELLER,01T37@0,0,13,-1,-1,0
252,OTHER,T20,13,3,10,0,-1,-1,SELLER,02T20@0,0,13,-1,-1,0
254,OTHER,T20,13,2,10,0,-1,-1,SELLER,04T20@0,0,13,-1,-1,0
350,T12,OTHER,13,2,44,-1,-1,-1,10T12@2,BUYER,0,-1,-1,-1,3
302,OTHER,T29,13,2,10,0,-1,-1,SELLER,03T29@0,0,13,-1,-1,0
305,OTHER,T12,13,5,10,0,-1,-1,SELLER,00T12@0,0,13,-1,-1,0
869,T37,T12,14,10,15,-1,-1,13,06T37@1,09T12@2,17,-1,-1,-1,2
555,T37,T37,14,8,32,4,-1,4,01T37@0,06T37@1,17,14,-1,-1,1
898,T37,T12,14,9,15,-1,-1,14,06T37@1,09T12@2,17,-1,-1,-1,2
759,T37,T12,14,10,16,-1,-1,10,07T37@1,10T12@2,17,-1,-1,-1,2
901,T37,T12,14,9,15,-1,-1,14,06T37@1,10T12@2,17,-1,-1,-1,2
232,T20,OTHER,14,2,44,0,-1,-1,08T20@2,BUYER,0,14,-1,-1,3
417,T12,OTHER,14,3,44,-1,-1,-1,10T12@2,BUYER,0,-1,-1,-1,3
95,OTHER,T12,14,3,10,0,-1,-1,SELLER,00T12@0,0,14,-1,-1,0
625,T37,T12,14,2,32,6,-1,6,06T37@1,10T12@2,17,14,-1,-1,2
351,T12,OTHER,14,3,44,-1,-1,-1,09T12@2,BUYER,0,-1,-1,-1,3
271,OTHER,T20,14,4,10,0,-1,-1,SELLER,04T20@0,0,14,-1,-1,0
154,OTHER,T29,14,3,10,0,-1,-1,SELLER,03T29@0,0,14,-1,-1,0
102,OTHER,T37,14,5,10,0,-1,-1,SELLER,01T37@0,0,14,-1,-1,0
150,OTHER,T20,14,2,10,0,-1,-1,SELLER,04T20@0,0,14,-1,-1,0
126,OTHER,T20,14,3,10,0,-1,-1,SELLER,04T20@0,0,14,-1,-1,0
144,OTHER,T12,14,2,10,0,-1,-1,SELLER,00T12@0,0,14,-1,-1,0
159,OTHER,T29,14,5,10,0,-1,-1,SELLER,03T29@0,0,14,-1,-1,0
416,T12,OTHER,14,3,44,-1,-1,-1,09T12@2,BUYER,0,-1,-1,-1,3
784,T37,T12,14,2,30,11,-1,11,07T37@1,09T12@2,17,14,-1,-1,2
285,T29,OTHER,14,4,44,0,-1,-1,11T29@2,BUYER,0,14,-1,-1,3
225,OTHER,T12,14,3,10,0,-1,-1,SELLER,00T12@0,0,14,-1,-1,0
179,OTHER,T20,14,3,10,0,-1,-1,SELLER,04T20@0,0,14,-1,-1,0
685,T37,T12,14,2,32,8,-1,8,06T37@1,09T12@2,17,14,-1,-1,2
326,OTHER,T37,14,2,10,0,-1,-1,SELLER,01T37@0,0,14,-1,-1,0
690,T37,T12,14,2,32,8,-1,8,06T37@1,10T12@2,17,14,-1,-1,2
1,OTHER,T20,14,2,10,0,-1,-1,SELLER,02T20@0,0,14,-1,-1,0
328,T20,OTHER,14,4,44,0,-1,-1,08T20@2,BUYER,0,14,-1,-1,3
298,T20,OTHER,14,3,44,0,-1,-1,08T20@2,BUYER,0,14,-1,-1,3
221,OTHER,T20,14,5,10,0,-1,-1,SELLER,02T20@0,0,14,-1,-1,0
172,T29,OTHER,14,1,44,0,-1,-1,11T29@2,BUYER,0,14,-1,-1,3
219,OTHER,T29,14,2,10,0,-1,-1,SELLER,03T29@0,0,14,-1,-1,0
377,T12,OTHER,14,3,44,-1,-1,-1,09T12@2,BUYER,0,-1,-1,-1,3
411,T12,OTHER,14,4,44,-1,-1,-1,10T12@2,BUYER,0,-1,-1,-1,3
569,T12,T37,14,8,32,-1,-1,4,00T12@0,07T37@1,17,-1,-1,-1,1
231,OTHER,T29,14,2,10,0,-1,-1,SELLER,03T29@0,0,14,-1,-1,0
75,OTHER,T37,14,4,10,0,-1,-1,SELLER,01T37@0,0,14,-1,-1,0
766,T37,T12,15,2,30,-1,-1,10,06T37@1,10T12@2,17,-1,-1,-1,2
725,T37,T12,15,2,30,9,-1,9,06T37@1,09T12@2,17,15,-1,-1,2
130,OTHER,T20,15,4,10,0,-1,-1,SELLER,04T20@0,0,15,-1,-1,0
261,OTHER,T37,15,5,10,0,-1,-1,SELLER,01T37@0,0,15,-1,-1,0
667,T37,T12,15,2,32,7,-1,7,06T37@1,10T12@2,17,15,-1,-1,2
345,T12,OTHER,15,4,44,-1,-1,-1,10T12@2,BUYER,0,-1,-1,-1,3
668,T12,T37,15,2,20,-1,-1,7,00T12@0,07T37@1,17,-1,-1,-1,1
760,T37,T12,15,2,30,-1,-1,10,06T37@1,10T12@2,17,-1,-1,-1,2
108,OTHER,T37,15,1,10,0,-1,-1,SELLER,01T37@0,0,15,-1,-1,0
676,T37,T12,15,2,32,8,-1,8,06T37@1,10T12@2,17,15,-1,-1,2
732,T37,T12,15,2,30,-1,-1,9,07T37@1,10T12@2,17,-1,-1,-1,2
73,OTHER,T12,15,4,10,0,-1,-1,SELLER,00T12@0,0,15,-1,-1,0
274,T20,OTHER,15,4,44,0,-1,-1,08T20@2,BUYER,0,15,-1,-1,3
713,T37,T12,15,2,30,9,-1,9,07T37@1,09T12@2,17,15,-1,-1,2
20,OTHER,T37,15,3,10,0,-1,-1,SELLER,01T37@0,0,15,-1,-1,0
70,OTHER,T20,15,2,10,0,-1,-1,SELLER,02T20@0,0,15,-1,-1,0
125,OTHER,T29,15,4,10,0,-1,-1,SELLER,03T29@0,0,15,-1,-1,0
806,T37,T12,15,2,30,12,-1,12,07T37@1,10T12@2,17,15,-1,-1,2
173,OTHER,T20,15,3,10,0,-1,-1,SELLER,04T20@0,0,15,-1,-1,0
140,T20,OTHER,15,3,44,0,-1,-1,08T20@2,BUYER,0,15,-1,-1,3
169,OTHER,T20,15,3,10,0,-1,-1,SELLER,02T20@0,0,15,-1,-1,0
365,T12,OTHER,15,2,44,-1,-1,-1,10T12@2,BUYER,0,-1,-1,-1,3
407,T12,OTHER,15,2,44,-1,-1,-1,09T12@2,BUYER,0,-1,-1,-1,3
229,OTHER,T20,15,5,10,0,-1,-1,SELLER,02T20@0,0,15,-1,-1,0
833,T37,T12,15,2,30,12,-1,12,06T37@1,09T12@2,17,15,-1,-1,2
831,T37,T12,15,2,30,12,-1,12,06T37@1,10T12@2,17,15,-1,-1,2
241,OTHER,T20,15,2,10,0,-1,-1,SELLER,04T20@0,0,15,-1,-1,0
402,T12,OTHER,15,6,44,-1,-1,-1,09T12@2,BUYER,0,-1,-1,-1,3
37,T20,OTHER,15,1,44,0,-1,-1,08T20@2,BUYER,0,15,-1,-1,3
824,T37,T12,15,2,30,12,-1,12,06T37@1,10T12@2,17,15,-1,-1,2
245,T29,OTHER,15,4,44,0,-1,-1,11T29@2,BUYER,0,15,-1,-1,3
203,OTHER,T20,15,2,10,0,-1,-1,SELLER,02T20@0,0,15,-1,-1,0
801,T37,T12,15,10,16,-1,-1,11,06T37@1,09T12@2,17,-1,-1,-1,2
141,OTHER,T37,15,4,10,0,-1,-1,SELLER,01T37@0,0,15,-1,-1,0
212,OTHER,T12,15,5,10,0,-1,-1,SELLER,00T12@0,0,15,-1,-1,0
808,T37,T12,15,2,30,12,-1,12,06T37@1,09T12@2,17,15,-1,-1,2
375,T12,OTHER,15,2,44,-1,-1,-1,10T12@2,BUYER,0,-1,-1,-1,3
414,T12,OTHER,15,2,44,-1,-1,-1,09T12@2,BUYER,0,-1,-1,-1,3
32,OTHER,T29,15,3,10,0,-1,-1,SELLER,03T29@0,0,15,-1,-1,0
404,T12,OTHER,16,2,44,-1,-1,-1,09T12@2,BUYER,0,-1,-1,-1,3
217,OTHER,T29,16,3,10,0,-1,-1,SELLER,03T29@0,0,16,-1,-1,0
400,T12,OTHER,16,3,44,-1,-1,-1,10T12@2,BUYER,0,-1,-1,-1,3
74,T29,OTHER,16,2,44,0,-1,-1,11T29@2,BUYER,0,16,-1,-1,3
177,OTHER,T12,16,3,10,0,-1,-1,SELLER,00T12@0,0,16,-1,-1,0
167,OTHER,T29,16,3,10,0,-1,-1,SELLER,03T29@0,0,16,-1,-1,0
223,T29,OTHER,16,4,44,0,-1,-1,11T29@2,BUYER,0,16,-1,-1,3
392,T12,OTHER,16,4,44,-1,-1,-1,10T12@2,BUYER,0,-1,-1,-1,3
711,T12,T37,16,2,20,9,-1,9,00T12@0,06T37@1,17,16,-1,-1,1
394,T12,OTHER,16,4,44,-1,-1,-1,09T12@2,BUYER,0,-1,-1,-1,3
300,OTHER,T37,16,7,10,0,-1,-1,SELLER,01T37@0,0,16,-1,-1,0
84,OTHER,T29,16,4,10,0,-1,-1,SELLER,03T29@0,0,16,-1,-1,0
419,T12,OTHER,16,4,44,-1,-1,-1,10T12@2,BUYER,0,-1,-1,-1,3
133,T20,OTHER,16,3,44,0,-1,-1,08T20@2,BUYER,0,16,-1,-1,3
145,OTHER,T20,16,3,10,0,-1,-1,SELLER,04T20@0,0,16,-1,-1,0
122,OTHER,T12,16,4,10,0,-1,-1,SELLER,00T12@0,0,16,-1,-1,0
119,OTHER,T37,16,3,10,0,-1,-1,SELLER,01T37@0,0,16,-1,-1,0
115,OTHER,T20,16,4,10,0,-1,-1,SELLER,02T20@0,0,16,-1,-1,0
21,T29,OTHER,16,3,44,0,-1,-1,11T29@2,BUYER,0,16,-1,-1,3
152,OTHER,T20,16,1,10,0,-1,-1,SELLER,02T20@0,0,16,-1,-1,0
415,T12,OTHER,16,1,44,-1,-1,-1,10T12@2,BUYER,0,-1,-1,-1,3
197,OTHER,T37,16,1,10,0,-1,-1,SELLER,01T37@0,0,16,-1,-1,0
237,OTHER,T20,16,5,10,0,-1,-1,SELLER,04T20@0,0,16,-1,-1,0
55,OTHER,T12,16,2,10,0,-1,-1,SELLER,00T12@0,0,16,-1,-1,0
619,T37,T37,16,16,30,6,-1,6,01T37@0,06T37@1,17,16,-1,-1,1
165,OTHER,T20,16,4,10,0,-1,-1,SELLER,02T20@0,0,16,-1,-1,0
157,OTHER,T20,16,3,10,0,-1,-1,SELLER,02T20@0,0,16,-1,-1,0
65,OTHER,T37,17,4,10,0,-1,-1,SELLER,01T37@0,0,17,-1,-1,0
52,OTHER,T20,17,4,10,0,-1,-1,SELLER,04T20@0,0,17,-1,-1,0
46,OTHER,T29,17,5,10,0,-1,-1,SELLER,03T29@0,0,17,-1,-1,0
36,OTHER,T20,17,3,10,0,-1,-1,SELLER,04T20@0,0,17,-1,-1,0
64,T20,OTHER,17,6,44,0,-1,-1,08T20@2,BUYER,0,17,-1,-1,3
308,OTHER,T12,17,5,10,0,-1,-1,SELLER,00T12@0,0,17,-1,-1,0
78,OTHER,T20,17,3,10,0,-1,-1,SELLER,02T20@0,0,17,-1,-1,0
358,T12,OTHER,17,7,44,-1,-1,-1,10T12@2,BUYER,0,-1,-1,-1,3
240,T20,OTHER,17,1,44,0,-1,-1,08T20@2,BUYER,0,17,-1,-1,3
214,T29,OTHER,17,6,44,0,-1,-1,11T29@2,BUYER,0,17,-1,-1,3
198,OTHER,T20,17,3,10,0,-1,-1,SELLER,02T20@0,0,17,-1,-1,0
386,T12,OTHER,17,2,44,-1,-1,-1,09T12@2,BUYER,0,-1,-1,-1,3
395,T12,OTHER,17,2,44,-1,-1,-1,10T12@2,BUYER,0,-1,-1,-1,3
398,T12,OTHER,17,2,44,-1,-1,-1,10T12@2,BUYER,0,-1,-1,-1,3
178,OTHER,T37,17,4,10,0,-1,-1,SELLER,01T37@0,0,17,-1,-1,0
76,OTHER,T20,17,2,10,0,-1,-1,SELLER,02T20@0,0,17,-1,-1,0
311,OTHER,T29,17,1,10,0,-1,-1,SELLER,03T29@0,0,17,-1,-1,0
846,T37,T12,17,2,30,13,-1,13,07T37@1,10T12@2,17,17,-1,-1,2
868,T37,T12,17,2,30,13,-1,13,07T37@1,09T12@2,17,17,-1,-1,2
340,OTHER,T20,17,5,10,0,-1,-1,SELLER,04T20@0,0,17,-1,-1,0
331,OTHER,T12,17,4,10,0,-1,-1,SELLER,00T12@0,0,17,-1,-1,0
803,T37,T12,17,2,32,-1,-1,11,07T37@1,10T12@2,17,-1,-1,-1,2
330,OTHER,T20,17,1,10,0,-1,-1,SELLER,04T20@0,0,17,-1,-1,0
131,OTHER,T37,17,4,10,0,-1,-1,SELLER,01T37@0,0,17,-1,-1,0
762,T37,T12,17,2,32,-1,-1,10,06T37@1,09T12@2,17,-1,-1,-1,2
301,OTHER,T12,17,1,10,0,-1,-1,SELLER,00T12@0,0,17,-1,-1,0
88,T29,OTHER,17,3,44,0,-1,-1,11T29@2,BUYER,0,17,-1,-1,3
735,T12,T37,17,10,31,-1,-1,9,00T12@0,06T37@1,17,-1,-1,-1,1
734,T37,T12,17,2,32,-1,-1,9,06T37@1,10T12@2,17,-1,-1,-1,2
721,T12,T37,17,2,20,9,-1,9,00T12@0,07T37@1,17,17,-1,-1,1
264,OTHER,T37,17,1,10,0,-1,-1,SELLER,01T37@0,0,17,-1,-1,0
270,T29,OTHER,17,1,44,0,-1,-1,11T29@2,BUYER,0,17,-1,-1,3
897,T37,T12,18,2,30,-1,-1,14,07T37@1,09T12@2,17,-1,-1,-1,2
994,T37,T12,18,10,15,-1,-1,17,06T37@1,09T12@2,17,-1,-1,-1,2
781,T37,T37,18,2,32,11,-1,11,01T37@0,07T37@1,17,18,-1,-1,1
761,T37,T12,18,2,32,-1,-1,10,06T37@1,09T12@2,17,-1,-1,-1,2
830,T37,T12,18,2,32,12,-1,12,06T37@1,09T12@2,17,18,-1,-1,2
900,T37,T12,18,2,30,-1,-1,14,07T37@1,09T12@2,17,-1,-1,-1,2
428,OTHER,T12,18,1,10,1,-1,-1,SELLER,00T12@0,0,18,-1,-1,0
864,T37,T37,18,16,33,13,-1,13,01T37@0,06T37@1,17,18,-1,-1,1
476,T12,OTHER,18,3,44,-1,-1,-1,09T12@2,BUYER,0,-1,-1,-1,3
475,T12,OTHER,18,5,44,-1,-1,-1,10T12@2,BUYER,0,-1,-1,-1,3
469,OTHER,T12,18,7,10,-1,-1,-1,SELLER,00T12@0,0,-1,-1,-1,0
466,T12,OTHER,18,1,44,-1,-1,-1,10T12@2,BUYER,0,-1,-1,-1,3
458,T12,OTHER,18,2,44,-1,-1,-1,09T12@2,BUYER,0,-1,-1,-1,3
451,OTHER,T20,18,4,10,1,-1,-1,SELLER,04T20@0,0,18,-1,-1,0
450,OTHER,T20,18,3,10,1,-1,-1,SELLER,04T20@0,0,18,-1,-1,0
449,T20,OTHER,18,4,44,1,-1,-1,08T20@2,BUYER,0,18,-1,-1,3
447,T20,OTHER,18,3,44,1,-1,-1,08T20@2,BUYER,0,18,-1,-1,3
446,OTHER,T20,18,2,10,1,-1,-1,SELLER,02T20@0,0,18,-1,-1,0
444,OTHER,T20,18,4,10,1,-1,-1,SELLER,04T20@0,0,18,-1,-1,0
443,OTHER,T20,18,4,10,1,-1,-1,SELLER,02T20@0,0,18,-1,-1,0
441,OTHER,T29,18,1,10,1,-1,-1,SELLER,03T29@0,0,18,-1,-1,0
440,OTHER,T37,18,3,10,1,-1,-1,SELLER,01T37@0,0,18,-1,-1,0
436,OTHER,T29,18,3,10,1,-1,-1,SELLER,03T29@0,0,18,-1,-1,0
470,T12,OTHER,18,3,44,-1,-1,-1,09T12@2,BUYER,0,-1,-1,-1,3
431,OTHER,T29,18,4,10,1,-1,-1,SELLER,03T29@0,0,18,-1,-1,0
421,OTHER,T37,18,1,10,1,-1,-1,SELLER,01T37@0,0,18,-1,-1,0
423,T20,OTHER,18,2,44,1,-1,-1,08T20@2,BUYER,0,18,-1,-1,3
424,OTHER,T37,18,4,10,1,-1,-1,SELLER,01T37@0,0,18,-1,-1,0
426,OTHER,T20,18,2,10,1,-1,-1,SELLER,02T20@0,0,18,-1,-1,0
427,OTHER,T12,18,3,10,1,-1,-1,SELLER,00T12@0,0,18,-1,-1,0
425,T29,OTHER,18,3,44,1,-1,-1,11T29@2,BUYER,0,18,-1,-1,3
432,T29,OTHER,18,4,44,1,-1,-1,11T29@2,BUYER,0,18,-1,-1,3
430,OTHER,T37,18,4,10,1,-1,-1,SELLER,01T37@0,0,18,-1,-1,0
487,T29,OTHER,19,3,44,2,-1,-1,11T29@2,BUYER,0,19,-1,-1,3
488,OTHER,T29,19,5,10,2,-1,-1,SELLER,03T29@0,0,19,-1,-1,0
490,T12,OTHER,19,1,44,2,-1,-1,10T12@2,BUYER,0,19,-1,-1,3
491,T20,OTHER,19,6,44,2,-1,-1,08T20@2,BUYER,0,19,-1,-1,3
492,T12,OTHER,19,3,44,2,-1,-1,09T12@2,BUYER,0,19,-1,-1,3
505,T12,OTHER,19,5,44,-1,-1,-1,10T12@2,BUYER,0,-1,-1,-1,3
493,T20,OTHER,19,1,44,2,-1,-1,08T20@2,BUYER,0,19,-1,-1,3
494,T12,OTHER,19,3,44,2,-1,-1,09T12@2,BUYER,0,19,-1,-1,3
499,OTHER,T29,19,3,10,2,-1,-1,SELLER,03T29@0,0,19,-1,-1,0
503,OTHER,T37,19,2,10,2,-1,-1,SELLER,01T37@0,0,19,-1,-1,0
502,OTHER,T12,19,2,10,2,-1,-1,SELLER,00T12@0,0,19,-1,-1,0
485,OTHER,T20,19,1,10,2,-1,-1,SELLER,02T20@0,0,19,-1,-1,0
496,OTHER,T29,19,7,10,2,-1,-1,SELLER,03T29@0,0,19,-1,-1,0
501,T29,OTHER,19,4,44,2,-1,-1,11T29@2,BUYER,0,19,-1,-1,3
497,OTHER,T20,19,6,10,2,-1,-1,SELLER,04T20@0,0,19,-1,-1,0
498,OTHER,T20,19,4,10,2,-1,-1,SELLER,02T20@0,0,19,-1,-1,0
500,OTHER,T12,19,4,10,2,-1,-1,SELLER,00T12@0,0,19,-1,-1,0
495,OTHER,T37,19,2,10,2,-1,-1,SELLER,01T37@0,0,19,-1,-1,0
483,OTHER,T29,19,1,10,2,-1,-1,SELLER,03T29@0,0,19,-1,-1,0
482,T12,OTHER,19,4,44,2,-1,-1,10T12@2,BUYER,0,19,-1,-1,3
481,OTHER,T37,19,4,10,2,-1,-1,SELLER,01T37@0,0,19,-1,-1,0
480,OTHER,T29,19,1,10,2,-1,-1,SELLER,03T29@0,0,19,-1,-1,0
478,OTHER,T20,19,5,10,2,-1,-1,SELLER,02T20@0,0,19,-1,-1,0
819,T37,T12,19,2,32,12,-1,12,06T37@1,10T12@2,17,19,-1,-1,2
1021,T37,T12,19,10,15,-1,-1,18,07T37@1,09T12@2,17,-1,-1,-1,2
791,T12,T37,19,10,31,-1,-1,11,00T12@0,07T37@1,17,-1,-1,-1,1
800,T12,T37,19,2,20,-1,-1,11,00T12@0,06T37@1,17,-1,-1,-1,1
484,OTHER,T20,19,3,10,2,-1,-1,SELLER,04T20@0,0,19,-1,-1,0
931,T37,T12,19,2,30,-1,-1,15,07T37@1,09T12@2,17,-1,-1,-1,2
956,T37,T12,19,2,30,-1,-1,16,07T37@1,09T12@2,17,-1,-1,-1,2
933,T37,T12,19,2,30,-1,-1,15,07T37@1,09T12@2,17,-1,-1,-1,2
511,OTHER,T12,20,1,10,3,-1,-1,SELLER,00T12@0,0,20,-1,-1,0
509,T20,OTHER,20,4,44,3,-1,-1,08T20@2,BUYER,0,20,-1,-1,3
508,OTHER,T29,20,3,10,3,-1,-1,SELLER,03T29@0,0,20,-1,-1,0
507,OTHER,T20,20,4,10,3,-1,-1,SELLER,04T20@0,0,20,-1,-1,0
909,T37,T12,20,2,30,15,-1,15,06T37@1,10T12@2,17,20,-1,-1,2
853,T37,T12,20,2,32,13,-1,13,07T37@1,10T12@2,17,20,-1,-1,2
512,OTHER,T20,20,2,10,3,-1,-1,SELLER,02T20@0,0,20,-1,-1,0
889,T37,T12,20,2,32,14,-1,14,07T37@1,10T12@2,17,20,-1,-1,2
754,T12,T37,20,9,32,-1,-1,10,00T12@0,06T37@1,17,-1,-1,-1,1
742,T37,T37,20,16,30,10,-1,10,01T37@0,07T37@1,17,20,-1,-1,1
537,T12,OTHER,20,5,44,-1,-1,-1,09T12@2,BUYER,0,-1,-1,-1,3
804,T37,T12,20,2,32,12,-1,12,06T37@1,09T12@2,17,20,-1,-1,2
513,OTHER,T20,20,3,10,3,-1,-1,SELLER,04T20@0,0,20,-1,-1,0
538,T12,OTHER,20,5,44,-1,-1,-1,10T12@2,BUYER,0,-1,-1,-1,3
533,T20,OTHER,20,2,44,3,-1,-1,08T20@2,BUYER,0,20,-1,-1,3
532,OTHER,T37,20,4,10,3,-1,-1,SELLER,01T37@0,0,20,-1,-1,0
517,OTHER,T29,20,4,10,3,-1,-1,SELLER,03T29@0,0,20,-1,-1,0
518,OTHER,T12,20,4,10,3,-1,-1,SELLER,00T12@0,0,20,-1,-1,0
531,OTHER,T20,20,3,10,3,-1,-1,SELLER,02T20@0,0,20,-1,-1,0
522,T12,OTHER,20,1,44,3,-1,-1,10T12@2,BUYER,0,20,-1,-1,3
516,OTHER,T20,20,3,10,3,-1,-1,SELLER,02T20@0,0,20,-1,-1,0
524,OTHER,T37,20,1,10,3,-1,-1,SELLER,01T37@0,0,20,-1,-1,0
515,OTHER,T20,20,6,10,3,-1,-1,SELLER,02T20@0,0,20,-1,-1,0
519,OTHER,T12,20,2,10,3,-1,-1,SELLER,00T12@0,0,20,-1,-1,0
534,T12,OTHER,20,2,44,-1,-1,-1,09T12@2,BUYER,0,-1,-1,-1,3
535,T12,OTHER,20,3,44,-1,-1,-1,09T12@2,BUYER,0,-1,-1,-1,3
539,OTHER,T12,20,6,10,-1,-1,-1,SELLER,00T12@0,0,-1,-1,-1,0
526,OTHER,T29,20,2,10,3,-1,-1,SELLER,03T29@0,0,20,-1,-1,0
536,T12,OTHER,20,2,44,-1,-1,-1,09T12@2,BUYER,0,-1,-1,-1,3
521,T29,OTHER,20,4,44,3,-1,-1,11T29@2,BUYER,0,20,-1,-1,3
528,OTHER,T20,20,2,10,3,-1,-1,SELLER,04T20@0,0,20,-1,-1,0
523,T29,OTHER,20,2,44,3,-1,-1,11T29@2,BUYER,0,20,-1,-1,3
543,T20,OTHER,21,3,44,4,-1,-1,08T20@2,BUYER,0,21,-1,-1,3
553,T29,OTHER,21,3,44,4,-1,-1,11T29@2,BUYER,0,21,-1,-1,3
546,OTHER,T20,21,1,10,4,-1,-1,SELLER,02T20@0,0,21,-1,-1,0
551,OTHER,T20,21,3,10,4,-1,-1,SELLER,02T20@0,0,21,-1,-1,0
549,T20,OTHER,21,2,44,4,-1,-1,08T20@2,BUYER,0,21,-1,-1,3
837,T12,T37,21,2,22,-1,-1,12,00T12@0,07T37@1,17,-1,-1,-1,1
547,OTHER,T20,21,5,10,4,-1,-1,SELLER,04T20@0,0,21,-1,-1,0
541,OTHER,T29,21,4,10,4,-1,-1,SELLER,03T29@0,0,21,-1,-1,0
895,T12,T37,21,2,20,-1,-1,14,00T12@0,06T37@1,17,-1,-1,-1,1
552,OTHER,T37,21,3,10,4,-1,-1,SELLER,01T37@0,0,21,-1,-1,0
556,OTHER,T20,21,2,10,4,-1,-1,SELLER,04T20@0,0,21,-1,-1,0
554,T29,OTHER,21,3,44,4,-1,-1,11T29@2,BUYER,0,21,-1,-1,3
542,OTHER,T29,21,2,10,4,-1,-1,SELLER,03T29@0,0,21,-1,-1,0
564,T12,OTHER,21,4,44,4,-1,-1,09T12@2,BUYER,0,21,-1,-1,3
563,OTHER,T37,21,2,10,4,-1,-1,SELLER,01T37@0,0,21,-1,-1,0
802,T12,T37,21,1,27,-1,-1,11,00T12@0,07T37@1,16,-1,-1,-1,1
566,OTHER,T20,21,3,10,4,-1,-1,SELLER,04T20@0,0,21,-1,-1,0
562,T12,OTHER,21,5,44,4,-1,-1,10T12@2,BUYER,0,21,-1,-1,3
787,T37,T37,21,46,21,11,-1,11,01T37@0,07T37@1,2,21,-1,-1,1
568,OTHER,T12,21,4,10,-1,-1,-1,SELLER,00T12@0,0,-1,-1,-1,0
561,T29,OTHER,21,5,44,4,-1,-1,11T29@2,BUYER,0,21,-1,-1,3
567,T20,OTHER,21,5,44,4,-1,-1,08T20@2,BUYER,0,21,-1,-1,3
560,OTHER,T29,21,2,10,4,-1,-1,SELLER,03T29@0,0,21,-1,-1,0
571,OTHER,T12,21,4,10,-1,-1,-1,SELLER,00T12@0,0,-1,-1,-1,0
559,OTHER,T37,21,5,10,4,-1,-1,SELLER,01T37@0,0,21,-1,-1,0
572,OTHER,T12,21,1,10,-1,-1,-1,SELLER,00T12@0,0,-1,-1,-1,0
557,OTHER,T37,21,2,10,4,-1,-1,SELLER,01T37@0,0,21,-1,-1,0
570,OTHER,T12,21,3,10,-1,-1,-1,SELLER,00T12@0,0,-1,-1,-1,0
565,OTHER,T20,21,4,10,4,-1,-1,SELLER,02T20@0,0,21,-1,-1,0
589,OTHER,T20,22,2,10,5,-1,-1,SELLER,02T20@0,0,22,-1,-1,0
575,OTHER,T20,22,2,10,5,-1,-1,SELLER,02T20@0,0,22,-1,-1,0
591,OTHER,T37,22,4,10,5,-1,-1,SELLER,01T37@0,0,22,-1,-1,0
899,T37,T12,22,2,32,-1,-1,14,07T37@1,09T12@2,17,-1,-1,-1,2
576,OTHER,T37,22,6,10,5,-1,-1,SELLER,01T37@0,0,22,-1,-1,0
590,OTHER,T29,22,2,10,5,-1,-1,SELLER,03T29@0,0,22,-1,-1,0
581,OTHER,T12,22,2,10,5,-1,-1,SELLER,00T12@0,0,22,-1,-1,0
916,T37,T12,22,2,32,15,-1,15,06T37@1,10T12@2,17,22,-1,-1,2
587,OTHER,T20,22,4,10,5,-1,-1,SELLER,02T20@0,0,22,-1,-1,0
815,T37,T37,22,16,30,12,-1,12,01T37@0,06T37@1,17,22,-1,-1,1
586,OTHER,T12,22,1,10,5,-1,-1,SELLER,00T12@0,0,22,-1,-1,0
585,OTHER,T20,22,4,10,5,-1,-1,SELLER,04T20@0,0,22,-1,-1,0
584,OTHER,T20,22,1,10,5,-1,-1,SELLER,04T20@0,0,22,-1,-1,0
578,T12,OTHER,22,2,44,5,-1,-1,09T12@2,BUYER,0,22,-1,-1,3
579,T29,OTHER,22,4,44,5,-1,-1,11T29@2,BUYER,0,22,-1,-1,3
959,T37,T12,22,2,30,-1,-1,16,06T37@1,09T12@2,17,-1,-1,-1,2
973,T37,T12,22,2,30,17,-1,17,07T37@1,09T12@2,17,22,-1,-1,2
580,OTHER,T37,22,2,10,5,-1,-1,SELLER,01T37@0,0,22,-1,-1,0
582,T12,OTHER,22,2,44,5,-1,-1,10T12@2,BUYER,0,22,-1,-1,3
986,T37,T12,22,2,30,17,-1,17,07T37@1,10T12@2,17,22,-1,-1,2
588,T12,OTHER,22,1,44,5,-1,-1,09T12@2,BUYER,0,22,-1,-1,3
929,T37,T12,22,2,32,-1,-1,15,06T37@1,09T12@2,17,-1,-1,-1,2
574,OTHER,T20,22,3,10,5,-1,-1,SELLER,04T20@0,0,22,-1,-1,0
896,T12,T37,22,2,20,-1,-1,14,00T12@0,06T37@1,17,-1,-1,-1,1
600,T20,OTHER,22,4,44,5,-1,-1,08T20@2,BUYER,0,22,-1,-1,3
601,OTHER,T29,22,3,10,5,-1,-1,SELLER,03T29@0,0,22,-1,-1,0
602,T12,OTHER,22,5,44,5,-1,-1,10T12@2,BUYER,0,22,-1,-1,3
604,T12,OTHER,22,5,44,-1,-1,-1,09T12@2,BUYER,0,-1,-1,-1,3
605,OTHER,T12,22,6,10,-1,-1,-1,SELLER,00T12@0,0,-1,-1,-1,0
592,T20,OTHER,22,1,44,5,-1,-1,08T20@2,BUYER,0,22,-1,-1,3
597,OTHER,T29,22,4,10,5,-1,-1,SELLER,03T29@0,0,22,-1,-1,0
598,T20,OTHER,22,4,44,5,-1,-1,08T20@2,BUYER,0,22,-1,-1,3
594,T29,OTHER,22,2,44,5,-1,-1,11T29@2,BUYER,0,22,-1,-1,3
595,OTHER,T29,22,4,10,5,-1,-1,SELLER,03T29@0,0,22,-1,-1,0
616,T12,OTHER,23,4,44,6,-1,-1,10T12@2,BUYER,0,23,-1,-1,3
637,OTHER,T37,23,1,10,6,-1,-1,SELLER,01T37@0,0,23,-1,-1,0
1024,T37,T37,23,17,33,-1,-1,18,01T37@0,07T37@1,17,-1,-1,-1,1
635,OTHER,T20,23,3,10,6,-1,-1,SELLER,04T20@0,0,23,-1,-1,0
634,T20,OTHER,23,2,44,6,-1,-1,08T20@2,BUYER,0,23,-1,-1,3
610,OTHER,T29,23,4,10,6,-1,-1,SELLER,03T29@0,0,23,-1,-1,0
632,T12,OTHER,23,3,44,6,-1,-1,10T12@2,BUYER,0,23,-1,-1,3
630,OTHER,T29,23,1,10,6,-1,-1,SELLER,03T29@0,0,23,-1,-1,0
629,T29,OTHER,23,3,44,6,-1,-1,11T29@2,BUYER,0,23,-1,-1,3
608,T29,OTHER,23,4,44,6,-1,-1,11T29@2,BUYER,0,23,-1,-1,3
615,OTHER,T20,23,3,10,6,-1,-1,SELLER,04T20@0,0,23,-1,-1,0
628,OTHER,T29,23,4,10,6,-1,-1,SELLER,03T29@0,0,23,-1,-1,0
626,OTHER,T37,23,5,10,6,-1,-1,SELLER,01T37@0,0,23,-1,-1,0
611,OTHER,T12,23,3,10,6,-1,-1,SELLER,00T12@0,0,23,-1,-1,0
612,T12,OTHER,23,2,44,6,-1,-1,10T12@2,BUYER,0,23,-1,-1,3
613,OTHER,T20,23,3,10,6,-1,-1,SELLER,04T20@0,0,23,-1,-1,0
623,OTHER,T12,23,4,10,6,-1,-1,SELLER,00T12@0,0,23,-1,-1,0
622,OTHER,T20,23,3,10,6,-1,-1,SELLER,02T20@0,0,23,-1,-1,0
1055,T37,T12,23,10,16,-1,-1,19,06T37@1,09T12@2,17,-1,-1,-1,2
620,T29,OTHER,23,4,44,6,-1,-1,11T29@2,BUYER,0,23,-1,-1,3
618,T12,OTHER,23,2,44,6,-1,-1,09T12@2,BUYER,0,23,-1,-1,3
614,OTHER,T20,23,3,10,6,-1,-1,SELLER,02T20@0,0,23,-1,-1,0
617,OTHER,T20,23,5,10,6,-1,-1,SELLER,02T20@0,0,23,-1,-1,0
627,OTHER,T37,23,4,10,6,-1,-1,SELLER,01T37@0,0,23,-1,-1,0
639,T12,OTHER,23,6,44,-1,-1,-1,09T12@2,BUYER,0,-1,-1,-1,3
609,OTHER,T12,23,4,10,6,-1,-1,SELLER,00T12@0,0,23,-1,-1,0
932,T37,T12,23,2,32,-1,-1,15,06T37@1,09T12@2,17,-1,-1,-1,2
930,T12,T37,23,10,31,-1,-1,15,00T12@0,06T37@1,17,-1,-1,-1,1
910,T37,T12,23,2,32,15,-1,15,07T37@1,10T12@2,17,23,-1,-1,2
640,OTHER,T12,24,1,10,7,-1,-1,SELLER,00T12@0,0,24,-1,-1,0
654,OTHER,T20,24,4,10,7,-1,-1,SELLER,04T20@0,0,24,-1,-1,0
656,T12,OTHER,24,3,44,7,-1,-1,09T12@2,BUYER,0,24,-1,-1,3
657,OTHER,T12,24,4,10,7,-1,-1,SELLER,00T12@0,0,24,-1,-1,0
1083,T37,T12,24,10,16,-1,-1,20,07T37@1,09T12@2,17,-1,-1,-1,2
658,OTHER,T20,24,3,10,7,-1,-1,SELLER,04T20@0,0,24,-1,-1,0
660,OTHER,T37,24,4,10,7,-1,-1,SELLER,01T37@0,0,24,-1,-1,0
661,T12,OTHER,24,4,44,7,-1,-1,10T12@2,BUYER,0,24,-1,-1,3
662,T20,OTHER,24,7,44,7,-1,-1,08T20@2,BUYER,0,24,-1,-1,3
663,OTHER,T12,24,4,10,7,-1,-1,SELLER,00T12@0,0,24,-1,-1,0
664,OTHER,T20,24,4,10,7,-1,-1,SELLER,02T20@0,0,24,-1,-1,0
665,OTHER,T12,24,4,10,7,-1,-1,SELLER,00T12@0,0,24,-1,-1,0
666,OTHER,T29,24,3,10,7,-1,-1,SELLER,03T29@0,0,24,-1,-1,0
653,T20,OTHER,24,2,44,7,-1,-1,08T20@2,BUYER,0,24,-1,-1,3
949,T37,T12,24,2,32,16,-1,16,07T37@1,10T12@2,17,24,-1,-1,2
940,T37,T12,24,2,32,16,-1,16,06T37@1,10T12@2,17,24,-1,-1,2
651,OTHER,T29,24,2,10,7,-1,-1,SELLER,03T29@0,0,24,-1,-1,0
641,T20,OTHER,24,2,44,7,-1,-1,08T20@2,BUYER,0,24,-1,-1,3
642,T29,OTHER,24,3,44,7,-1,-1,11T29@2,BUYER,0,24,-1,-1,3
1017,T37,T12,24,2,30,18,-1,18,06T37@1,09T12@2,17,24,-1,-1,2
643,T29,OTHER,24,2,44,7,-1,-1,11T29@2,BUYER,0,24,-1,-1,3
644,OTHER,T20,24,4,10,7,-1,-1,SELLER,02T20@0,0,24,-1,-1,0
645,T29,OTHER,24,3,44,7,-1,-1,11T29@2,BUYER,0,24,-1,-1,3
1031,T37,T12,24,2,30,19,-1,19,07T37@1,10T12@2,17,24,-1,-1,2
652,OTHER,T20,24,4,10,7,-1,-1,SELLER,04T20@0,0,24,-1,-1,0
1001,T37,T12,24,2,30,18,-1,18,06T37@1,10T12@2,17,24,-1,-1,2
962,T12,T37,24,10,31,-1,-1,16,00T12@0,06T37@1,17,-1,-1,-1,1
1040,T37,T12,24,2,30,19,-1,19,07T37@1,09T12@2,17,24,-1,-1,2
647,OTHER,T20,24,2,10,7,-1,-1,SELLER,02T20@0,0,24,-1,-1,0
1042,T37,T37,24,11,31,19,-1,19,01T37@0,07T37@1,17,24,-1,-1,1
648,T12,OTHER,24,4,44,7,-1,-1,09T12@2,BUYER,0,24,-1,-1,3
649,OTHER,T20,24,3,10,7,-1,-1,SELLER,02T20@0,0,24,-1,-1,0
650,OTHER,T12,24,4,10,7,-1,-1,SELLER,00T12@0,0,24,-1,-1,0
970,T37,T12,25,2,32,17,-1,17,07T37@1,10T12@2,17,25,-1,-1,2
1119,T37,T37,25,8,21,-1,-1,21,01T37@0,06T37@1,2,-1,-1,-1,1
977,T37,T37,25,1,31,17,-1,17,01T37@0,07T37@1,17,25,-1,-1,1
989,T12,T37,25,10,31,-1,-1,17,00T12@0,07T37@1,17,-1,-1,-1,1
1091,T37,T12,25,2,30,21,-1,21,06T37@1,10T12@2,17,25,-1,-1,2
1114,T37,T37,25,1,11,-1,-1,21,01T37@0,07T37@1,17,-1,-1,-1,1
697,OTHER,T12,25,5,10,-1,-1,-1,SELLER,00T12@0,0,-1,-1,-1,0
701,OTHER,T12,25,5,10,-1,-1,-1,SELLER,00T12@0,0,-1,-1,-1,0
703,T12,OTHER,25,2,44,-1,-1,-1,09T12@2,BUYER,0,-1,-1,-1,3
700,T12,OTHER,25,5,44,-1,-1,-1,09T12@2,BUYER,0,-1,-1,-1,3
699,OTHER,T12,25,1,10,-1,-1,-1,SELLER,00T12@0,0,-1,-1,-1,0
696,OTHER,T12,25,1,10,-1,-1,-1,SELLER,00T12@0,0,-1,-1,-1,0
695,OTHER,T29,25,1,10,8,-1,-1,SELLER,03T29@0,0,25,-1,-1,0
694,OTHER,T29,25,2,10,8,-1,-1,SELLER,03T29@0,0,25,-1,-1,0
693,OTHER,T20,25,5,10,8,-1,-1,SELLER,02T20@0,0,25,-1,-1,0
691,T12,OTHER,25,4,44,8,-1,-1,10T12@2,BUYER,0,25,-1,-1,3
689,T20,OTHER,25,2,44,8,-1,-1,08T20@2,BUYER,0,25,-1,-1,3
688,T29,OTHER,25,4,44,8,-1,-1,11T29@2,BUYER,0,25,-1,-1,3
686,OTHER,T29,25,5,10,8,-1,-1,SELLER,03T29@0,0,25,-1,-1,0
692,T12,OTHER,25,3,44,8,-1,-1,10T12@2,BUYER,0,25,-1,-1,3
681,OTHER,T20,25,4,10,8,-1,-1,SELLER,02T20@0,0,25,-1,-1,0
680,OTHER,T29,25,3,10,8,-1,-1,SELLER,03T29@0,0,25,-1,-1,0
679,T20,OTHER,25,4,44,8,-1,-1,08T20@2,BUYER,0,25,-1,-1,3
678,OTHER,T37,25,4,10,8,-1,-1,SELLER,01T37@0,0,25,-1,-1,0
677,OTHER,T37,25,2,10,8,-1,-1,SELLER,01T37@0,0,25,-1,-1,0
675,OTHER,T29,25,5,10,8,-1,-1,SELLER,03T29@0,0,25,-1,-1,0
674,T12,OTHER,25,3,44,8,-1,-1,10T12@2,BUYER,0,25,-1,-1,3
673,OTHER,T20,25,3,10,8,-1,-1,SELLER,04T20@0,0,25,-1,-1,0
671,OTHER,T37,25,2,10,8,-1,-1,SELLER,01T37@0,0,25,-1,-1,0
683,OTHER,T20,25,2,10,8,-1,-1,SELLER,04T20@0,0,25,-1,-1,0
670,T29,OTHER,25,3,44,8,-1,-1,11T29@2,BUYER,0,25,-1,-1,3
718,T12,OTHER,26,2,44,9,-1,-1,10T12@2,BUYER,0,26,-1,-1,3
1007,T12,T37,26,2,20,18,-1,18,00T12@0,06T37@1,17,26,-1,-1,1
719,T20,OTHER,26,4,44,9,-1,-1,08T20@2,BUYER,0,26,-1,-1,3
720,OTHER,T29,26,3,10,9,-1,-1,SELLER,03T29@0,0,26,-1,-1,0
726,T12,OTHER,26,4,44,9,-1,-1,09T12@2,BUYER,0,26,-1,-1,3
723,OTHER,T20,26,3,10,9,-1,-1,SELLER,04T20@0,0,26,-1,-1,0
724,T12,OTHER,26,3,44,9,-1,-1,09T12@2,BUYER,0,26,-1,-1,3
717,T20,OTHER,26,1,44,9,-1,-1,08T20@2,BUYER,0,26,-1,-1,3
722,OTHER,T20,26,3,10,9,-1,-1,SELLER,04T20@0,0,26,-1,-1,0
716,T29,OTHER,26,1,44,9,-1,-1,11T29@2,BUYER,0,26,-1,-1,3
728,OTHER,T29,26,3,10,9,-1,-1,SELLER,03T29@0,0,26,-1,-1,0
714,OTHER,T37,26,4,10,9,-1,-1,SELLER,01T37@0,0,26,-1,-1,0
712,T12,OTHER,26,1,44,9,-1,-1,09T12@2,BUYER,0,26,-1,-1,3
710,OTHER,T29,26,4,10,9,-1,-1,SELLER,03T29@0,0,26,-1,-1,0
709,T12,OTHER,26,5,44,9,-1,-1,10T12@2,BUYER,0,26,-1,-1,3
708,T29,OTHER,26,6,44,9,-1,-1,11T29@2,BUYER,0,26,-1,-1,3
707,OTHER,T20,26,4,10,9,-1,-1,SELLER,04T20@0,0,26,-1,-1,0
706,T29,OTHER,26,3,44,9,-1,-1,11T29@2,BUYER,0,26,-1,-1,3
705,OTHER,T20,26,5,10,9,-1,-1,SELLER,02T20@0,0,26,-1,-1,0
704,OTHER,T29,26,3,10,9,-1,-1,SELLER,03T29@0,0,26,-1,-1,0
727,OTHER,T20,26,2,10,9,-1,-1,SELLER,02T20@0,0,26,-1,-1,0
715,OTHER,T20,26,3,10,9,-1,-1,SELLER,02T20@0,0,26,-1,-1,0
729,OTHER,T37,26,1,10,9,-1,-1,SELLER,01T37@0,0,26,-1,-1,0
733,OTHER,T12,26,4,10,-1,-1,-1,SELLER,00T12@0,0,-1,-1,-1,0
1062,T37,T12,26,2,30,20,-1,20,06T37@1,10T12@2,17,26,-1,-1,2
1142,T12,T37,26,1,22,-1,-1,22,00T12@0,07T37@1,17,-1,-1,-1,1
1160,T37,T12,26,2,30,23,-1,23,07T37@1,09T12@2,17,26,-1,-1,2
1256,T37,T12,26,2,33,-1,-1,25,07T37@1,10T12@2,17,-1,-1,-1,2
1258,T37,T12,26,10,15,-1,-1,25,06T37@1,09T12@2,17,-1,-1,-1,2
1261,T37,T12,26,10,15,-1,-1,25,06T37@1,10T12@2,17,-1,-1,-1,2
1086,T37,T12,26,2,30,-1,-1,20,06T37@1,09T12@2,17,-1,-1,-1,2
1116,T37,T37,26,10,31,-1,-1,21,01T37@0,06T37@1,17,-1,-1,-1,1
730,OTHER,T37,26,4,10,9,-1,-1,SELLER,01T37@0,0,26,-1,-1,0
736,OTHER,T12,26,3,10,-1,-1,-1,SELLER,00T12@0,0,-1,-1,-1,0
731,OTHER,T12,26,1,10,-1,-1,-1,SELLER,00T12@0,0,-1,-1,-1,0
751,OTHER,T37,27,3,10,10,-1,-1,SELLER,01T37@0,0,27,-1,-1,0
767,OTHER,T12,27,2,10,-1,-1,-1,SELLER,00T12@0,0,-1,-1,-1,0
764,T12,OTHER,27,3,44,-1,-1,-1,09T12@2,BUYER,0,-1,-1,-1,3
768,T12,OTHER,27,4,44,-1,-1,-1,10T12@2,BUYER,0,-1,-1,-1,3
763,T12,OTHER,27,2,44,-1,-1,-1,10T12@2,BUYER,0,-1,-1,-1,3
752,OTHER,T29,27,1,10,10,-1,-1,SELLER,03T29@0,0,27,-1,-1,0
753,OTHER,T29,27,5,10,10,-1,-1,SELLER,03T29@0,0,27,-1,-1,0
1146,T37,T12,27,2,30,-1,-1,22,06T37@1,10T12@2,17,-1,-1,-1,2
755,T12,OTHER,27,3,44,-1,-1,-1,09T12@2,BUYER,0,-1,-1,-1,3
750,OTHER,T37,27,5,10,10,-1,-1,SELLER,01T37@0,0,27,-1,-1,0
1139,T37,T37,27,10,31,22,-1,22,01T37@0,07T37@1,17,27,-1,-1,1
765,OTHER,T12,27,3,10,-1,-1,-1,SELLER,00T12@0,0,-1,-1,-1,0
1054,T37,T12,27,2,32,-1,-1,19,07T37@1,10T12@2,17,-1,-1,-1,2
1123,T37,T37,27,10,31,22,-1,22,01T37@0,06T37@1,17,27,-1,-1,1
748,T20,OTHER,27,3,44,10,-1,-1,08T20@2,BUYER,0,27,-1,-1,3
757,T12,OTHER,27,3,44,-1,-1,-1,09T12@2,BUYER,0,-1,-1,-1,3
737,OTHER,T20,27,5,10,10,-1,-1,SELLER,04T20@0,0,27,-1,-1,0
738,OTHER,T20,27,3,10,10,-1,-1,SELLER,02T20@0,0,27,-1,-1,0
739,OTHER,T29,27,4,10,10,-1,-1,SELLER,03T29@0,0,27,-1,-1,0
740,OTHER,T20,27,1,10,10,-1,-1,SELLER,04T20@0,0,27,-1,-1,0
741,T29,OTHER,27,6,44,10,-1,-1,11T29@2,BUYER,0,27,-1,-1,3
1056,T37,T12,27,2,32,-1,-1,19,07T37@1,09T12@2,17,-1,-1,-1,2
743,OTHER,T20,27,4,10,10,-1,-1,SELLER,04T20@0,0,27,-1,-1,0
991,T12,T37,27,9,32,-1,-1,17,00T12@0,06T37@1,17,-1,-1,-1,1
749,OTHER,T37,27,3,10,10,-1,-1,SELLER,01T37@0,0,27,-1,-1,0
756,OTHER,T12,27,5,10,-1,-1,-1,SELLER,00T12@0,0,-1,-1,-1,0
745,OTHER,T20,27,2,10,10,-1,-1,SELLER,02T20@0,0,27,-1,-1,0
1113,T37,T12,27,2,30,-1,-1,21,07T37@1,09T12@2,17,-1,-1,-1,2
746,OTHER,T29,27,4,10,10,-1,-1,SELLER,03T29@0,0,27,-1,-1,0
1115,T37,T12,27,2,32,-1,-1,21,06T37@1,09T12@2,17,-1,-1,-1,2
747,T20,OTHER,27,4,44,10,-1,-1,08T20@2,BUYER,0,27,-1,-1,3
744,T29,OTHER,27,2,44,10,-1,-1,11T29@2,BUYER,0,27,-1,-1,3
1208,T37,T12,28,2,30,24,-1,24,06T37@1,09T12@2,17,28,-1,-1,2
1206,T37,T12,28,2,30,24,-1,24,06T37@1,09T12@2,17,28,-1,-1,2
1326,T37,T12,28,10,15,-1,-1,27,06T37@1,10T12@2,17,-1,-1,-1,2
1149,T37,T12,28,2,30,-1,-1,22,07T37@1,10T12@2,17,-1,-1,-1,2
1147,T37,T12,28,2,30,-1,-1,22,07T37@1,09T12@2,17,-1,-1,-1,2
1143,T12,T37,28,1,22,-1,-1,22,00T12@0,07T37@1,17,-1,-1,-1,1
1034,T12,T37,28,2,22,19,-1,19,00T12@0,06T37@1,17,28,-1,-1,1
1088,T12,T37,28,10,31,-1,-1,20,00T12@0,07T37@1,17,-1,-1,-1,1
795,T12,OTHER,28,5,44,-1,-1,-1,10T12@2,BUYER,0,-1,-1,-1,3
789,OTHER,T20,28,3,10,11,-1,-1,SELLER,04T20@0,0,28,-1,-1,0
777,OTHER,T20,28,3,10,11,-1,-1,SELLER,04T20@0,0,28,-1,-1,0
778,OTHER,T37,28,1,10,11,-1,-1,SELLER,01T37@0,0,28,-1,-1,0
779,OTHER,T37,28,5,10,11,-1,-1,SELLER,01T37@0,0,28,-1,-1,0
780,OTHER,T29,28,3,10,11,-1,-1,SELLER,03T29@0,0,28,-1,-1,0
783,T12,OTHER,28,2,44,11,-1,-1,09T12@2,BUYER,0,28,-1,-1,3
785,T29,OTHER,28,2,44,11,-1,-1,11T29@2,BUYER,0,28,-1,-1,3
786,OTHER,T20,28,3,10,11,-1,-1,SELLER,04T20@0,0,28,-1,-1,0
788,T29,OTHER,28,3,44,11,-1,-1,11T29@2,BUYER,0,28,-1,-1,3
790,OTHER,T20,28,2,10,11,-1,-1,SELLER,02T20@0,0,28,-1,-1,0
792,T12,OTHER,28,2,44,-1,-1,-1,10T12@2,BUYER,0,-1,-1,-1,3
793,OTHER,T12,28,4,10,-1,-1,-1,SELLER,00T12@0,0,-1,-1,-1,0
794,T12,OTHER,28,1,44,-1,-1,-1,10T12@2,BUYER,0,-1,-1,-1,3
796,OTHER,T12,28,4,10,-1,-1,-1,SELLER,00T12@0,0,-1,-1,-1,0
797,T12,OTHER,28,4,44,-1,-1,-1,09T12@2,BUYER,0,-1,-1,-1,3
798,OTHER,T12,28,1,10,-1,-1,-1,SELLER,00T12@0,0,-1,-1,-1,0
776,OTHER,T37,28,3,10,11,-1,-1,SELLER,01T37@0,0,28,-1,-1,0
775,OTHER,T20,28,4,10,11,-1,-1,SELLER,02T20@0,0,28,-1,-1,0
782,T29,OTHER,28,4,44,11,-1,-1,11T29@2,BUYER,0,28,-1,-1,3
770,T20,OTHER,28,5,44,11,-1,-1,08T20@2,BUYER,0,28,-1,-1,3
771,OTHER,T20,28,7,10,11,-1,-1,SELLER,04T20@0,0,28,-1,-1,0
774,T20,OTHER,28,2,44,11,-1,-1,08T20@2,BUYER,0,28,-1,-1,3
772,OTHER,T37,28,4,10,11,-1,-1,SELLER,01T37@0,0,28,-1,-1,0
773,OTHER,T20,28,2,10,11,-1,-1,SELLER,04T20@0,0,28,-1,-1,0
769,OTHER,T20,28,1,10,11,-1,-1,SELLER,04T20@0,0,28,-1,-1,0
1176,T37,T12,29,2,32,23,-1,23,07T37@1,09T12@2,17,29,-1,-1,2
1352,T37,T12,29,2,33,-1,-1,28,07T37@1,09T12@2,17,-1,-1,-1,2
805,OTHER,T29,29,4,10,12,-1,-1,SELLER,03T29@0,0,29,-1,-1,0
807,OTHER,T37,29,6,10,12,-1,-1,SELLER,01T37@0,0,29,-1,-1,0
809,OTHER,T29,29,3,10,12,-1,-1,SELLER,03T29@0,0,29,-1,-1,0
811,OTHER,T12,29,5,10,12,-1,-1,SELLER,00T12@0,0,29,-1,-1,0
813,T20,OTHER,29,4,44,12,-1,-1,08T20@2,BUYER,0,29,-1,-1,3
814,T29,OTHER,29,3,44,12,-1,-1,11T29@2,BUYER,0,29,-1,-1,3
816,OTHER,T37,29,2,10,12,-1,-1,SELLER,01T37@0,0,29,-1,-1,0
817,OTHER,T20,29,3,10,12,-1,-1,SELLER,02T20@0,0,29,-1,-1,0
818,OTHER,T20,29,4,10,12,-1,-1,SELLER,04T20@0,0,29,-1,-1,0
820,OTHER,T20,29,4,10,12,-1,-1,SELLER,02T20@0,0,29,-1,-1,0
821,T12,OTHER,29,1,44,12,-1,-1,09T12@2,BUYER,0,29,-1,-1,3
822,OTHER,T37,29,2,10,12,-1,-1,SELLER,01T37@0,0,29,-1,-1,0
812,OTHER,T20,29,1,10,12,-1,-1,SELLER,02T20@0,0,29,-1,-1,0
838,T12,OTHER,29,2,44,-1,-1,-1,10T12@2,BUYER,0,-1,-1,-1,3
836,T12,OTHER,29,2,44,-1,-1,-1,10T12@2,BUYER,0,-1,-1,-1,3
827,OTHER,T12,29,3,10,12,-1,-1,SELLER,00T12@0,0,29,-1,-1,0
1157,T37,T12,29,2,32,-1,-1,22,06T37@1,10T12@2,17,-1,-1,-1,2
1156,T12,T37,29,2,20,-1,-1,22,00T12@0,07T37@1,17,-1,-1,-1,1
829,OTHER,T20,29,1,10,12,-1,-1,SELLER,04T20@0,0,29,-1,-1,0
1193,T12,T37,29,2,20,-1,-1,23,00T12@0,07T37@1,17,-1,-1,-1,1
1200,T37,T12,29,2,30,24,-1,24,07T37@1,09T12@2,17,29,-1,-1,2
828,OTHER,T12,29,2,10,12,-1,-1,SELLER,00T12@0,0,29,-1,-1,0
826,OTHER,T37,29,2,10,12,-1,-1,SELLER,01T37@0,0,29,-1,-1,0
1217,T37,T37,29,18,33,24,-1,24,01T37@0,07T37@1,17,29,-1,-1,1
1219,T37,T12,29,2,30,24,-1,24,07T37@1,09T12@2,17,29,-1,-1,2
832,T20,OTHER,29,3,44,12,-1,-1,08T20@2,BUYER,0,29,-1,-1,3
834,OTHER,T20,29,4,10,12,-1,-1,SELLER,04T20@0,0,29,-1,-1,0
839,T12,OTHER,29,5,44,-1,-1,-1,09T12@2,BUYER,0,-1,-1,-1,3
835,T12,OTHER,29,7,44,-1,-1,-1,10T12@2,BUYER,0,-1,-1,-1,3
1165,T37,T12,29,2,32,23,-1,23,06T37@1,09T12@2,17,29,-1,-1,2
823,OTHER,T20,29,4,10,12,-1,-1,SELLER,02T20@0,0,29,-1,-1,0
825,T29,OTHER,29,3,44,12,-1,-1,11T29@2,BUYER,0,29,-1,-1,3
859,T12,OTHER,30,4,44,13,-1,-1,10T12@2,BUYER,0,30,-1,-1,3
1085,T12,T37,30,8,32,-1,-1,20,00T12@0,06T37@1,17,-1,-1,-1,1
1144,T37,T12,30,2,32,-1,-1,22,06T37@1,09T12@2,17,-1,-1,-1,2
1153,T12,T37,30,10,31,-1,-1,22,00T12@0,06T37@1,17,-1,-1,-1,1
858,OTHER,T20,30,3,10,13,-1,-1,SELLER,02T20@0,0,30,-1,-1,0
1254,T37,T37,30,8,31,25,-1,25,01T37@0,07T37@1,17,30,-1,-1,1
1271,T37,T12,30,2,30,26,-1,26,07T37@1,09T12@2,17,30,-1,-1,2
1293,T37,T12,30,2,30,-1,-1,26,07T37@1,10T12@2,17,-1,-1,-1,2
1296,T37,T12,30,2,30,-1,-1,26,07T37@1,10T12@2,17,-1,-1,-1,2
1070,T37,T37,30,8,32,20,-1,20,01T37@0,06T37@1,17,30,-1,-1,1
840,T12,OTHER,30,4,44,13,-1,-1,10T12@2,BUYER,0,30,-1,-1,3
1225,T37,T12,30,2,32,24,-1,24,06T37@1,10T12@2,17,30,-1,-1,2
854,OTHER,T20,30,2,10,13,-1,-1,SELLER,04T20@0,0,30,-1,-1,0
852,OTHER,T20,30,3,10,13,-1,-1,SELLER,04T20@0,0,30,-1,-1,0
851,OTHER,T20,30,3,10,13,-1,-1,SELLER,02T20@0,0,30,-1,-1,0
850,OTHER,T29,30,2,10,13,-1,-1,SELLER,03T29@0,0,30,-1,-1,0
849,OTHER,T29,30,3,10,13,-1,-1,SELLER,03T29@0,0,30,-1,-1,0
855,OTHER,T37,30,4,10,13,-1,-1,SELLER,01T37@0,0,30,-1,-1,0
848,T29,OTHER,30,3,44,13,-1,-1,11T29@2,BUYER,0,30,-1,-1,3
856,OTHER,T20,30,4,10,13,-1,-1,SELLER,02T20@0,0,30,-1,-1,0
867,OTHER,T12,30,2,10,13,-1,-1,SELLER,00T12@0,0,30,-1,-1,0
866,T29,OTHER,30,2,44,13,-1,-1,11T29@2,BUYER,0,30,-1,-1,3
841,T20,OTHER,30,4,44,13,-1,-1,08T20@2,BUYER,0,30,-1,-1,3
842,T12,OTHER,30,2,44,13,-1,-1,10T12@2,BUYER,0,30,-1,-1,3
847,OTHER,T20,30,3,10,13,-1,-1,SELLER,04T20@0,0,30,-1,-1,0
857,T12,OTHER,30,4,44,13,-1,-1,09T12@2,BUYER,0,30,-1,-1,3
845,OTHER,T20,30,4,10,13,-1,-1,SELLER,04T20@0,0,30,-1,-1,0
844,T20,OTHER,30,1,44,13,-1,-1,08T20@2,BUYER,0,30,-1,-1,3
863,OTHER,T12,30,4,10,13,-1,-1,SELLER,00T12@0,0,30,-1,-1,0
862,T29,OTHER,30,6,44,13,-1,-1,11T29@2,BUYER,0,30,-1,-1,3
843,OTHER,T20,30,2,10,13,-1,-1,SELLER,02T20@0,0,30,-1,-1,0
860,OTHER,T29,30,4,10,13,-1,-1,SELLER,03T29@0,0,30,-1,-1,0
861,OTHER,T37,30,3,10,13,-1,-1,SELLER,01T37@0,0,30,-1,-1,0
865,OTHER,T37,30,4,10,13,-1,-1,SELLER,01T37@0,0,30,-1,-1,0
883,T12,OTHER,31,4,44,14,-1,-1,10T12@2,BUYER,0,31,-1,-1,3
884,OTHER,T20,31,4,10,14,-1,-1,SELLER,04T20@0,0,31,-1,-1,0
885,OTHER,T29,31,5,10,14,-1,-1,SELLER,03T29@0,0,31,-1,-1,0
886,OTHER,T29,31,2,10,14,-1,-1,SELLER,03T29@0,0,31,-1,-1,0
887,OTHER,T12,31,3,10,14,-1,-1,SELLER,00T12@0,0,31,-1,-1,0
888,T20,OTHER,31,4,44,14,-1,-1,08T20@2,BUYER,0,31,-1,-1,3
894,OTHER,T12,31,6,10,-1,-1,-1,SELLER,00T12@0,0,-1,-1,-1,0
891,OTHER,T20,31,4,10,14,-1,-1,SELLER,02T20@0,0,31,-1,-1,0
892,T12,OTHER,31,3,44,14,-1,-1,09T12@2,BUYER,0,31,-1,-1,3
893,OTHER,T20,31,2,10,14,-1,-1,SELLER,02T20@0,0,31,-1,-1,0
1112,T12,T37,31,9,32,-1,-1,21,00T12@0,07T37@1,17,-1,-1,-1,1
882,T12,OTHER,31,1,44,14,-1,-1,09T12@2,BUYER,0,31,-1,-1,3
890,T20,OTHER,31,3,44,14,-1,-1,08T20@2,BUYER,0,31,-1,-1,3
881,T12,OTHER,31,5,44,14,-1,-1,09T12@2,BUYER,0,31,-1,-1,3
880,OTHER,T20,31,4,10,14,-1,-1,SELLER,04T20@0,0,31,-1,-1,0
1209,T37,T12,31,2,32,24,-1,24,06T37@1,09T12@2,17,31,-1,-1,2
1288,T37,T37,31,16,33,26,-1,26,01T37@0,07T37@1,17,31,-1,-1,1
1264,T37,T12,31,2,30,26,-1,26,06T37@1,09T12@2,17,31,-1,-1,2
1250,T37,T12,31,2,32,25,-1,25,07T37@1,09T12@2,17,31,-1,-1,2
870,T20,OTHER,31,3,44,14,-1,-1,08T20@2,BUYER,0,31,-1,-1,3
871,OTHER,T12,31,4,10,14,-1,-1,SELLER,00T12@0,0,31,-1,-1,0
872,OTHER,T37,31,6,10,14,-1,-1,SELLER,01T37@0,0,31,-1,-1,0
873,T29,OTHER,31,5,44,14,-1,-1,11T29@2,BUYER,0,31,-1,-1,3
1201,T37,T12,31,2,32,24,-1,24,06T37@1,10T12@2,17,31,-1,-1,2
875,OTHER,T12,31,1,10,14,-1,-1,SELLER,00T12@0,0,31,-1,-1,0
874,OTHER,T37,31,4,10,14,-1,-1,SELLER,01T37@0,0,31,-1,-1,0
1289,T37,T12,31,2,30,26,-1,26,06T37@1,09T12@2,17,31,-1,-1,2
1356,T37,T12,31,2,30,-1,-1,28,07T37@1,09T12@2,17,-1,-1,-1,2
876,OTHER,T20,31,2,10,14,-1,-1,SELLER,04T20@0,0,31,-1,-1,0
1172,T37,T12,31,2,32,23,-1,23,06T37@1,10T12@2,17,31,-1,-1,2
877,T29,OTHER,31,2,44,14,-1,-1,11T29@2,BUYER,0,31,-1,-1,3
1162,T37,T12,31,2,32,23,-1,23,07T37@1,10T12@2,17,31,-1,-1,2
878,OTHER,T37,31,1,10,14,-1,-1,SELLER,01T37@0,0,31,-1,-1,0
879,OTHER,T20,31,2,10,14,-1,-1,SELLER,04T20@0,0,31,-1,-1,0
1188,T12,T37,31,2,20,-1,-1,23,00T12@0,06T37@1,17,-1,-1,-1,1
908,OTHER,T20,32,2,10,15,-1,-1,SELLER,04T20@0,0,32,-1,-1,0
905,OTHER,T29,32,3,10,15,-1,-1,SELLER,03T29@0,0,32,-1,-1,0
907,OTHER,T29,32,4,10,15,-1,-1,SELLER,03T29@0,0,32,-1,-1,0
906,OTHER,T20,32,3,10,15,-1,-1,SELLER,04T20@0,0,32,-1,-1,0
904,OTHER,T37,32,3,10,15,-1,-1,SELLER,01T37@0,0,32,-1,-1,0
1151,T12,T37,32,9,32,-1,-1,22,00T12@0,07T37@1,17,-1,-1,-1,1
902,OTHER,T29,32,3,10,15,-1,-1,SELLER,03T29@0,0,32,-1,-1,0
1213,T12,T37,32,2,20,24,-1,24,00T12@0,06T37@1,17,32,-1,-1,1
911,OTHER,T37,32,4,10,15,-1,-1,SELLER,01T37@0,0,32,-1,-1,0
1199,T37,T12,32,2,32,24,-1,24,06T37@1,10T12@2,17,32,-1,-1,2
1131,T37,T37,32,34,21,22,-1,22,01T37@0,06T37@1,2,32,-1,-1,1
1187,T12,T37,32,2,22,-1,-1,23,00T12@0,07T37@1,17,-1,-1,-1,1
903,OTHER,T20,32,5,10,15,-1,-1,SELLER,04T20@0,0,32,-1,-1,0
912,T20,OTHER,32,2,44,15,-1,-1,08T20@2,BUYER,0,32,-1,-1,3
928,T12,OTHER,32,5,44,-1,-1,-1,10T12@2,BUYER,0,-1,-1,-1,3
923,T20,OTHER,32,2,44,15,-1,-1,08T20@2,BUYER,0,32,-1,-1,3
920,OTHER,T37,32,3,10,15,-1,-1,SELLER,01T37@0,0,32,-1,-1,0
927,OTHER,T12,32,2,10,-1,-1,-1,SELLER,00T12@0,0,-1,-1,-1,0
922,OTHER,T20,32,5,10,15,-1,-1,SELLER,02T20@0,0,32,-1,-1,0
917,OTHER,T20,32,2,10,15,-1,-1,SELLER,02T20@0,0,32,-1,-1,0
926,OTHER,T12,32,4,10,-1,-1,-1,SELLER,00T12@0,0,-1,-1,-1,0
921,T12,OTHER,32,1,44,15,-1,-1,10T12@2,BUYER,0,32,-1,-1,3
925,T12,OTHER,32,6,44,-1,-1,-1,09T12@2,BUYER,0,-1,-1,-1,3
919,OTHER,T20,32,3,10,15,-1,-1,SELLER,02T20@0,0,32,-1,-1,0
924,T29,OTHER,32,1,44,15,-1,-1,11T29@2,BUYER,0,32,-1,-1,3
913,T29,OTHER,32,4,44,15,-1,-1,11T29@2,BUYER,0,32,-1,-1,3
915,OTHER,T20,32,4,10,15,-1,-1,SELLER,04T20@0,0,32,-1,-1,0
918,T20,OTHER,32,4,44,15,-1,-1,08T20@2,BUYER,0,32,-1,-1,3
914,T20,OTHER,32,5,44,15,-1,-1,08T20@2,BUYER,0,32,-1,-1,3
942,OTHER,T29,33,3,10,16,-1,-1,SELLER,03T29@0,0,33,-1,-1,0
1235,T12,T37,33,2,20,25,-1,25,00T12@0,06T37@1,17,33,-1,-1,1
960,T12,OTHER,33,3,44,-1,-1,-1,09T12@2,BUYER,0,-1,-1,-1,3
1257,T12,T37,33,10,31,-1,-1,25,00T12@0,07T37@1,17,-1,-1,-1,1
961,T12,OTHER,33,2,44,-1,-1,-1,09T12@2,BUYER,0,-1,-1,-1,3
939,OTHER,T20,33,5,10,16,-1,-1,SELLER,02T20@0,0,33,-1,-1,0
941,OTHER,T37,33,2,10,16,-1,-1,SELLER,01T37@0,0,33,-1,-1,0
943,T29,OTHER,33,4,44,16,-1,-1,11T29@2,BUYER,0,33,-1,-1,3
947,OTHER,T37,33,5,10,16,-1,-1,SELLER,01T37@0,0,33,-1,-1,0
945,OTHER,T29,33,3,10,16,-1,-1,SELLER,03T29@0,0,33,-1,-1,0
958,OTHER,T12,33,5,10,-1,-1,-1,SELLER,00T12@0,0,-1,-1,-1,0
946,OTHER,T20,33,5,10,16,-1,-1,SELLER,04T20@0,0,33,-1,-1,0
957,T12,OTHER,33,4,44,-1,-1,-1,09T12@2,BUYER,0,-1,-1,-1,3
948,T12,OTHER,33,4,44,16,-1,-1,10T12@2,BUYER,0,33,-1,-1,3
950,T29,OTHER,33,4,44,16,-1,-1,11T29@2,BUYER,0,33,-1,-1,3
951,OTHER,T20,33,1,10,16,-1,-1,SELLER,02T20@0,0,33,-1,-1,0
952,OTHER,T20,33,4,10,16,-1,-1,SELLER,04T20@0,0,33,-1,-1,0
953,OTHER,T20,33,2,10,16,-1,-1,SELLER,02T20@0,0,33,-1,-1,0
944,T29,OTHER,33,2,44,16,-1,-1,11T29@2,BUYER,0,33,-1,-1,3
1468,T37,T12,33,2,33,-1,-1,32,06T37@1,10T12@2,17,-1,-1,-1,2
955,OTHER,T12,33,2,10,-1,-1,-1,SELLER,00T12@0,0,-1,-1,-1,0
938,OTHER,T29,33,5,10,16,-1,-1,SELLER,03T29@0,0,33,-1,-1,0
1358,T37,T37,33,11,31,-1,-1,28,01T37@0,07T37@1,17,-1,-1,-1,1
1316,T37,T12,33,2,30,27,-1,27,07T37@1,10T12@2,17,33,-1,-1,2
934,T20,OTHER,33,2,44,16,-1,-1,08T20@2,BUYER,0,33,-1,-1,3
935,OTHER,T29,33,2,10,16,-1,-1,SELLER,03T29@0,0,33,-1,-1,0
963,OTHER,T12,33,4,10,-1,-1,-1,SELLER,00T12@0,0,-1,-1,-1,0
936,T29,OTHER,33,2,44,16,-1,-1,11T29@2,BUYER,0,33,-1,-1,3
937,OTHER,T20,33,2,10,16,-1,-1,SELLER,04T20@0,0,33,-1,-1,0
1292,T37,T12,33,2,32,-1,-1,26,06T37@1,10T12@2,17,-1,-1,-1,2
954,T20,OTHER,33,3,44,16,-1,-1,08T20@2,BUYER,0,33,-1,-1,3
1280,T37,T12,33,2,32,26,-1,26,07T37@1,09T12@2,17,33,-1,-1,2
971,OTHER,T29,34,5,10,17,-1,-1,SELLER,03T29@0,0,34,-1,-1,0
979,T29,OTHER,34,1,44,17,-1,-1,11T29@2,BUYER,0,34,-1,-1,3
978,OTHER,T29,34,3,10,17,-1,-1,SELLER,03T29@0,0,34,-1,-1,0
976,OTHER,T20,34,2,10,17,-1,-1,SELLER,04T20@0,0,34,-1,-1,0
965,OTHER,T20,34,2,10,17,-1,-1,SELLER,04T20@0,0,34,-1,-1,0
982,OTHER,T37,34,2,10,17,-1,-1,SELLER,01T37@0,0,34,-1,-1,0
975,OTHER,T29,34,3,10,17,-1,-1,SELLER,03T29@0,0,34,-1,-1,0
974,OTHER,T20,34,1,10,17,-1,-1,SELLER,02T20@0,0,34,-1,-1,0
983,T29,OTHER,34,1,44,17,-1,-1,11T29@2,BUYER,0,34,-1,-1,3
966,T20,OTHER,34,4,44,17,-1,-1,08T20@2,BUYER,0,34,-1,-1,3
984,T20,OTHER,34,2,44,17,-1,-1,08T20@2,BUYER,0,34,-1,-1,3
967,T12,OTHER,34,3,44,17,-1,-1,10T12@2,BUYER,0,34,-1,-1,3
985,OTHER,T20,34,3,10,17,-1,-1,SELLER,02T20@0,0,34,-1,-1,0
972,T29,OTHER,34,6,44,17,-1,-1,11T29@2,BUYER,0,34,-1,-1,3
987,OTHER,T37,34,3,10,17,-1,-1,SELLER,01T37@0,0,34,-1,-1,0
968,OTHER,T20,34,6,10,17,-1,-1,SELLER,04T20@0,0,34,-1,-1,0
969,OTHER,T29,34,2,10,17,-1,-1,SELLER,03T29@0,0,34,-1,-1,0
964,T12,OTHER,34,2,44,17,-1,-1,10T12@2,BUYER,0,34,-1,-1,3
981,OTHER,T20,34,3,10,17,-1,-1,SELLER,04T20@0,0,34,-1,-1,0
990,OTHER,T12,34,3,10,-1,-1,-1,SELLER,00T12@0,0,-1,-1,-1,0
1366,T37,T12,34,2,30,29,-1,29,07T37@1,09T12@2,17,34,-1,-1,2
1380,T37,T12,34,2,30,29,-1,29,07T37@1,10T12@2,17,34,-1,-1,2
1395,T37,T12,34,2,30,30,-1,30,07T37@1,09T12@2,17,34,-1,-1,2
1412,T37,T12,34,2,30,30,-1,30,06T37@1,09T12@2,17,34,-1,-1,2
1291,T37,T12,34,2,32,-1,-1,26,07T37@1,10T12@2,17,-1,-1,-1,2
1290,T12,T37,34,2,20,-1,-1,26,00T12@0,06T37@1,17,-1,-1,-1,1
996,T12,OTHER,34,5,44,-1,-1,-1,09T12@2,BUYER,0,-1,-1,-1,3
988,OTHER,T20,34,5,10,17,-1,-1,SELLER,02T20@0,0,34,-1,-1,0
1421,T37,T12,34,2,30,-1,-1,30,07T37@1,10T12@2,17,-1,-1,-1,2
1424,T37,T12,34,2,30,-1,-1,30,06T37@1,10T12@2,17,-1,-1,-1,2
1365,T37,T12,34,2,30,29,-1,29,07T37@1,09T12@2,17,34,-1,-1,2
1279,T37,T12,34,2,32,26,-1,26,07T37@1,09T12@2,17,34,-1,-1,2
1354,T37,T12,34,2,30,-1,-1,28,06T37@1,09T12@2,17,-1,-1,-1,2
993,T12,OTHER,34,5,44,-1,-1,-1,09T12@2,BUYER,0,-1,-1,-1,3
992,OTHER,T12,34,4,10,-1,-1,-1,SELLER,00T12@0,0,-1,-1,-1,0
1485,T37,T12,34,10,15,-1,-1,33,06T37@1,10T12@2,17,-1,-1,-1,2
980,OTHER,T20,34,3,10,17,-1,-1,SELLER,04T20@0,0,34,-1,-1,0
1228,T12,T37,34,9,32,-1,-1,24,00T12@0,07T37@1,17,-1,-1,-1,1
995,T12,OTHER,34,1,44,-1,-1,-1,09T12@2,BUYER,0,-1,-1,-1,3
1364,T37,T12,34,2,30,29,-1,29,07T37@1,10T12@2,17,34,-1,-1,2
1361,T37,T12,35,2,30,29,-1,29,06T37@1,10T12@2,17,35,-1,-1,2
1310,T37,T12,35,2,32,27,-1,27,07T37@1,09T12@2,17,35,-1,-1,2
1348,T37,T12,35,2,32,28,-1,28,07T37@1,10T12@2,17,35,-1,-1,2
1325,T12,T37,35,2,20,-1,-1,27,00T12@0,06T37@1,17,-1,-1,-1,1
1415,T37,T37,35,9,31,30,-1,30,01T37@0,07T37@1,17,35,-1,-1,1
1454,T37,T12,35,10,16,-1,-1,31,07T37@1,09T12@2,17,-1,-1,-1,2
1000,T20,OTHER,35,3,44,18,-1,-1,08T20@2,BUYER,0,35,-1,-1,3
1467,T37,T12,35,2,30,-1,-1,32,06T37@1,10T12@2,17,-1,-1,-1,2
1471,T37,T12,35,2,30,-1,-1,32,06T37@1,09T12@2,17,-1,-1,-1,2
1449,T37,T12,35,10,16,-1,-1,31,07T37@1,10T12@2,17,-1,-1,-1,2
1002,OTHER,T20,35,2,10,18,-1,-1,SELLER,02T20@0,0,35,-1,-1,0
1320,T12,T37,35,2,20,-1,-1,27,00T12@0,07T37@1,17,-1,-1,-1,1
1018,OTHER,T37,35,7,10,18,-1,-1,SELLER,01T37@0,0,35,-1,-1,0
1025,T12,OTHER,35,5,44,-1,-1,-1,09T12@2,BUYER,0,-1,-1,-1,3
1023,T12,OTHER,35,4,44,-1,-1,-1,09T12@2,BUYER,0,-1,-1,-1,3
1022,OTHER,T12,35,3,10,-1,-1,-1,SELLER,00T12@0,0,-1,-1,-1,0
997,OTHER,T37,35,2,10,18,-1,-1,SELLER,01T37@0,0,35,-1,-1,0
1020,T12,OTHER,35,2,44,-1,-1,-1,09T12@2,BUYER,0,-1,-1,-1,3
1019,OTHER,T12,35,3,10,-1,-1,-1,SELLER,00T12@0,0,-1,-1,-1,0
998,OTHER,T20,35,4,10,18,-1,-1,SELLER,02T20@0,0,35,-1,-1,0
1016,OTHER,T29,35,1,10,18,-1,-1,SELLER,03T29@0,0,35,-1,-1,0
1015,T12,OTHER,35,4,44,18,-1,-1,10T12@2,BUYER,0,35,-1,-1,3
1013,OTHER,T29,35,3,10,18,-1,-1,SELLER,03T29@0,0,35,-1,-1,0
1012,OTHER,T37,35,2,10,18,-1,-1,SELLER,01T37@0,0,35,-1,-1,0
1014,OTHER,T29,35,7,10,18,-1,-1,SELLER,03T29@0,0,35,-1,-1,0
1010,T12,OTHER,35,3,44,18,-1,-1,10T12@2,BUYER,0,35,-1,-1,3
1009,OTHER,T20,35,1,10,18,-1,-1,SELLER,04T20@0,0,35,-1,-1,0
1008,T29,OTHER,35,3,44,18,-1,-1,11T29@2,BUYER,0,35,-1,-1,3
999,OTHER,T20,35,1,10,18,-1,-1,SELLER,04T20@0,0,35,-1,-1,0
1006,OTHER,T37,35,2,10,18,-1,-1,SELLER,01T37@0,0,35,-1,-1,0
1005,T20,OTHER,35,3,44,18,-1,-1,08T20@2,BUYER,0,35,-1,-1,3
1004,OTHER,T20,35,4,10,18,-1,-1,SELLER,02T20@0,0,35,-1,-1,0
1003,OTHER,T20,35,8,10,18,-1,-1,SELLER,04T20@0,0,35,-1,-1,0
1011,T29,OTHER,35,3,44,18,-1,-1,11T29@2,BUYER,0,35,-1,-1,3
1043,OTHER,T20,36,1,10,19,-1,-1,SELLER,04T20@0,0,36,-1,-1,0
1053,OTHER,T12,36,1,10,-1,-1,-1,SELLER,00T12@0,0,-1,-1,-1,0
1041,OTHER,T29,36,1,10,19,-1,-1,SELLER,03T29@0,0,36,-1,-1,0
1039,T20,OTHER,36,4,44,19,-1,-1,08T20@2,BUYER,0,36,-1,-1,3
1038,OTHER,T20,36,1,10,19,-1,-1,SELLER,02T20@0,0,36,-1,-1,0
1052,T12,OTHER,36,3,44,-1,-1,-1,09T12@2,BUYER,0,-1,-1,-1,3
1051,OTHER,T12,36,3,10,-1,-1,-1,SELLER,00T12@0,0,-1,-1,-1,0
1028,OTHER,T29,36,3,10,19,-1,-1,SELLER,03T29@0,0,36,-1,-1,0
1050,T12,OTHER,36,3,44,-1,-1,-1,10T12@2,BUYER,0,-1,-1,-1,3
1045,OTHER,T29,36,6,10,19,-1,-1,SELLER,03T29@0,0,36,-1,-1,0
1046,T20,OTHER,36,3,44,19,-1,-1,08T20@2,BUYER,0,36,-1,-1,3
1057,T12,OTHER,36,4,44,-1,-1,-1,10T12@2,BUYER,0,-1,-1,-1,3
1507,T37,T12,36,2,33,35,-1,35,06T37@1,10T12@2,17,36,-1,-1,2
1047,T12,OTHER,36,3,44,-1,-1,-1,09T12@2,BUYER,0,-1,-1,-1,3
1049,OTHER,T12,36,7,10,-1,-1,-1,SELLER,00T12@0,0,-1,-1,-1,0
1044,OTHER,T20,36,2,10,19,-1,-1,SELLER,02T20@0,0,36,-1,-1,0
1037,OTHER,T37,36,2,10,19,-1,-1,SELLER,01T37@0,0,36,-1,-1,0
1048,OTHER,T12,36,2,10,-1,-1,-1,SELLER,00T12@0,0,-1,-1,-1,0
1329,T37,T12,36,2,32,28,-1,28,06T37@1,10T12@2,17,36,-1,-1,2
1035,OTHER,T37,36,4,10,19,-1,-1,SELLER,01T37@0,0,36,-1,-1,0
1033,OTHER,T20,36,3,10,19,-1,-1,SELLER,04T20@0,0,36,-1,-1,0
1032,T29,OTHER,36,3,44,19,-1,-1,11T29@2,BUYER,0,36,-1,-1,3
1431,T37,T37,36,18,33,31,-1,31,01T37@0,07T37@1,17,36,-1,-1,1
1030,OTHER,T20,36,6,10,19,-1,-1,SELLER,04T20@0,0,36,-1,-1,0
1029,T20,OTHER,36,2,44,19,-1,-1,08T20@2,BUYER,0,36,-1,-1,3
1036,OTHER,T20,36,6,10,19,-1,-1,SELLER,02T20@0,0,36,-1,-1,0
1026,T29,OTHER,36,5,44,19,-1,-1,11T29@2,BUYER,0,36,-1,-1,3
1027,OTHER,T37,36,2,10,19,-1,-1,SELLER,01T37@0,0,36,-1,-1,0
1059,T20,OTHER,37,2,44,20,-1,-1,08T20@2,BUYER,0,37,-1,-1,3
1066,OTHER,T29,37,2,10,20,-1,-1,SELLER,03T29@0,0,37,-1,-1,0
1072,OTHER,T20,37,2,10,20,-1,-1,SELLER,04T20@0,0,37,-1,-1,0
1065,OTHER,T37,37,2,10,20,-1,-1,SELLER,01T37@0,0,37,-1,-1,0
1061,T12,OTHER,37,4,44,20,-1,-1,09T12@2,BUYER,0,37,-1,-1,3
1063,OTHER,T20,37,4,10,20,-1,-1,SELLER,04T20@0,0,37,-1,-1,0
1073,T29,OTHER,37,3,44,20,-1,-1,11T29@2,BUYER,0,37,-1,-1,3
1071,OTHER,T37,37,1,10,20,-1,-1,SELLER,01T37@0,0,37,-1,-1,0
1058,T20,OTHER,37,3,44,20,-1,-1,08T20@2,BUYER,0,37,-1,-1,3
1069,OTHER,T20,37,3,10,20,-1,-1,SELLER,02T20@0,0,37,-1,-1,0
1064,OTHER,T29,37,6,10,20,-1,-1,SELLER,03T29@0,0,37,-1,-1,0
1060,T12,OTHER,37,1,44,20,-1,-1,10T12@2,BUYER,0,37,-1,-1,3
1087,OTHER,T12,37,4,10,-1,-1,-1,SELLER,00T12@0,0,-1,-1,-1,0
1075,T20,OTHER,37,5,44,20,-1,-1,08T20@2,BUYER,0,37,-1,-1,3
1373,T37,T12,37,2,32,29,-1,29,06T37@1,09T12@2,17,37,-1,-1,2
1426,T37,T12,37,2,32,31,-1,31,06T37@1,09T12@2,17,37,-1,-1,2
1067,T29,OTHER,37,3,44,20,-1,-1,11T29@2,BUYER,0,37,-1,-1,3
1074,T29,OTHER,37,3,44,20,-1,-1,11T29@2,BUYER,0,37,-1,-1,3
1082,T12,OTHER,37,4,44,-1,-1,-1,10T12@2,BUYER,0,-1,-1,-1,3
1081,OTHER,T12,37,1,10,-1,-1,-1,SELLER,00T12@0,0,-1,-1,-1,0
1080,OTHER,T20,37,3,10,20,-1,-1,SELLER,02T20@0,0,37,-1,-1,0
1084,OTHER,T12,37,6,10,-1,-1,-1,SELLER,00T12@0,0,-1,-1,-1,0
1078,T12,OTHER,37,2,44,20,-1,-1,09T12@2,BUYER,0,37,-1,-1,3
1077,OTHER,T37,37,8,10,20,-1,-1,SELLER,01T37@0,0,37,-1,-1,0
1076,OTHER,T29,37,2,10,20,-1,-1,SELLER,03T29@0,0,37,-1,-1,0
1079,OTHER,T20,37,2,10,20,-1,-1,SELLER,04T20@0,0,37,-1,-1,0
1068,OTHER,T20,37,4,10,20,-1,-1,SELLER,02T20@0,0,37,-1,-1,0
1495,T37,T12,38,2,30,34,-1,34,06T37@1,10T12@2,17,38,-1,-1,2
1493,T37,T12,38,2,30,34,-1,34,06T37@1,09T12@2,17,38,-1,-1,2
1469,T37,T12,38,2,30,-1,-1,32,07T37@1,10T12@2,17,-1,-1,-1,2
1465,T37,T12,38,2,30,-1,-1,32,07T37@1,09T12@2,17,-1,-1,-1,2
1099,OTHER,T20,38,3,10,21,-1,-1,SELLER,02T20@0,0,38,-1,-1,0
1423,T12,T37,38,10,31,-1,-1,30,00T12@0,07T37@1,17,-1,-1,-1,1
1420,T37,T12,38,2,32,-1,-1,30,06T37@1,10T12@2,17,-1,-1,-1,2
1492,T37,T12,38,2,30,34,-1,34,06T37@1,09T12@2,17,38,-1,-1,2
1347,T37,T37,38,11,32,28,-1,28,01T37@0,06T37@1,17,38,-1,-1,1
1100,T12,OTHER,38,3,44,21,-1,-1,10T12@2,BUYER,0,38,-1,-1,3
1096,T12,OTHER,38,3,44,21,-1,-1,10T12@2,BUYER,0,38,-1,-1,3
1118,T12,OTHER,38,2,44,-1,-1,-1,09T12@2,BUYER,0,-1,-1,-1,3
1117,T12,OTHER,38,3,44,-1,-1,-1,09T12@2,BUYER,0,-1,-1,-1,3
1089,T20,OTHER,38,2,44,21,-1,-1,08T20@2,BUYER,0,38,-1,-1,3
1090,OTHER,T20,38,5,10,21,-1,-1,SELLER,04T20@0,0,38,-1,-1,0
1094,OTHER,T29,38,2,10,21,-1,-1,SELLER,03T29@0,0,38,-1,-1,0
1095,OTHER,T29,38,6,10,21,-1,-1,SELLER,03T29@0,0,38,-1,-1,0
1092,OTHER,T12,38,4,10,21,-1,-1,SELLER,00T12@0,0,38,-1,-1,0
1097,T29,OTHER,38,5,44,21,-1,-1,11T29@2,BUYER,0,38,-1,-1,3
1098,OTHER,T20,38,2,10,21,-1,-1,SELLER,02T20@0,0,38,-1,-1,0
1093,T29,OTHER,38,3,44,21,-1,-1,11T29@2,BUYER,0,38,-1,-1,3
1111,T29,OTHER,38,1,44,21,-1,-1,11T29@2,BUYER,0,38,-1,-1,3
1109,OTHER,T37,38,4,10,21,-1,-1,SELLER,01T37@0,0,38,-1,-1,0
1108,T20,OTHER,38,5,44,21,-1,-1,08T20@2,BUYER,0,38,-1,-1,3
1107,OTHER,T37,38,4,10,21,-1,-1,SELLER,01T37@0,0,38,-1,-1,0
1106,OTHER,T37,38,4,10,21,-1,-1,SELLER,01T37@0,0,38,-1,-1,0
1105,OTHER,T12,38,3,10,21,-1,-1,SELLER,00T12@0,0,38,-1,-1,0
1104,OTHER,T12,38,2,10,21,-1,-1,SELLER,00T12@0,0,38,-1,-1,0
1103,OTHER,T20,38,2,10,21,-1,-1,SELLER,04T20@0,0,38,-1,-1,0
1102,OTHER,T37,38,1,10,21,-1,-1,SELLER,01T37@0,0,38,-1,-1,0
1101,OTHER,T20,38,5,10,21,-1,-1,SELLER,02T20@0,0,38,-1,-1,0
1110,OTHER,T29,38,3,10,21,-1,-1,SELLER,03T29@0,0,38,-1,-1,0
1120,T12,OTHER,38,3,44,-1,-1,-1,09T12@2,BUYER,0,-1,-1,-1,3
1140,OTHER,T20,39,4,10,22,-1,-1,SELLER,02T20@0,0,39,-1,-1,0
1125,OTHER,T29,39,3,10,22,-1,-1,SELLER,03T29@0,0,39,-1,-1,0
1137,OTHER,T12,39,1,10,22,-1,-1,SELLER,00T12@0,0,39,-1,-1,0
1141,OTHER,T29,39,2,10,22,-1,-1,SELLER,03T29@0,0,39,-1,-1,0
1138,T20,OTHER,39,2,44,22,-1,-1,08T20@2,BUYER,0,39,-1,-1,3
1145,T12,OTHER,39,1,44,-1,-1,-1,10T12@2,BUYER,0,-1,-1,-1,3
1154,OTHER,T37,39,4,10,-1,-1,-1,SELLER,01T37@0,0,-1,-1,-1,0
1148,T12,OTHER,39,3,44,-1,-1,-1,10T12@2,BUYER,0,-1,-1,-1,3
1150,T12,OTHER,39,1,44,-1,-1,-1,09T12@2,BUYER,0,-1,-1,-1,3
1514,T37,T12,39,10,16,-1,-1,35,07T37@1,09T12@2,17,-1,-1,-1,2
1152,OTHER,T37,39,1,10,-1,-1,-1,SELLER,01T37@0,0,-1,-1,-1,0
1136,OTHER,T12,39,2,10,22,-1,-1,SELLER,00T12@0,0,39,-1,-1,0
1155,T12,OTHER,39,7,44,-1,-1,-1,10T12@2,BUYER,0,-1,-1,-1,3
1479,T37,T12,39,2,30,33,-1,33,07T37@1,10T12@2,17,39,-1,-1,2
1498,T37,T12,39,2,30,34,-1,34,07T37@1,09T12@2,17,39,-1,-1,2
1451,T37,T12,39,2,32,-1,-1,31,06T37@1,10T12@2,17,-1,-1,-1,2
1482,T37,T12,39,2,30,33,-1,33,07T37@1,09T12@2,17,39,-1,-1,2
1134,OTHER,T20,39,1,10,22,-1,-1,SELLER,04T20@0,0,39,-1,-1,0
1367,T37,T37,39,10,32,29,-1,29,01T37@0,07T37@1,17,39,-1,-1,1
1382,T37,T37,39,9,32,29,-1,29,01T37@0,06T37@1,17,39,-1,-1,1
1386,T12,T37,39,9,32,-1,-1,29,00T12@0,06T37@1,17,-1,-1,-1,1
1121,OTHER,T20,39,6,10,22,-1,-1,SELLER,04T20@0,0,39,-1,-1,0
1122,T29,OTHER,39,4,44,22,-1,-1,11T29@2,BUYER,0,39,-1,-1,3
1124,OTHER,T29,39,4,10,22,-1,-1,SELLER,03T29@0,0,39,-1,-1,0
1158,T12,OTHER,39,4,44,-1,-1,-1,09T12@2,BUYER,0,-1,-1,-1,3
1126,OTHER,T20,39,5,10,22,-1,-1,SELLER,02T20@0,0,39,-1,-1,0
1127,T29,OTHER,39,3,44,22,-1,-1,11T29@2,BUYER,0,39,-1,-1,3
1128,OTHER,T20,39,3,10,22,-1,-1,SELLER,04T20@0,0,39,-1,-1,0
1129,OTHER,T20,39,3,10,22,-1,-1,SELLER,02T20@0,0,39,-1,-1,0
1130,OTHER,T20,39,3,10,22,-1,-1,SELLER,02T20@0,0,39,-1,-1,0
1132,OTHER,T37,39,3,10,22,-1,-1,SELLER,01T37@0,0,39,-1,-1,0
1133,T20,OTHER,39,5,44,22,-1,-1,08T20@2,BUYER,0,39,-1,-1,3
1135,OTHER,T12,39,5,10,22,-1,-1,SELLER,00T12@0,0,39,-1,-1,0
1186,T12,OTHER,40,4,44,-1,-1,-1,10T12@2,BUYER,0,-1,-1,-1,3
1185,OTHER,T12,40,2,10,23,-1,-1,SELLER,00T12@0,0,40,-1,-1,0
1416,T12,T37,40,9,32,-1,-1,30,00T12@0,06T37@1,17,-1,-1,-1,1
1161,OTHER,T37,40,5,10,23,-1,-1,SELLER,01T37@0,0,40,-1,-1,0
1473,T37,T12,40,2,32,-1,-1,32,06T37@1,09T12@2,17,-1,-1,-1,2
1163,OTHER,T20,40,3,10,23,-1,-1,SELLER,02T20@0,0,40,-1,-1,0
1159,T20,OTHER,40,1,44,23,-1,-1,08T20@2,BUYER,0,40,-1,-1,3
1164,T20,OTHER,40,3,44,23,-1,-1,08T20@2,BUYER,0,40,-1,-1,3
1174,OTHER,T29,40,3,10,23,-1,-1,SELLER,03T29@0,0,40,-1,-1,0
1173,OTHER,T37,40,2,10,23,-1,-1,SELLER,01T37@0,0,40,-1,-1,0
1177,OTHER,T20,40,3,10,23,-1,-1,SELLER,04T20@0,0,40,-1,-1,0
1178,OTHER,T29,40,5,10,23,-1,-1,SELLER,03T29@0,0,40,-1,-1,0
1179,T29,OTHER,40,3,44,23,-1,-1,11T29@2,BUYER,0,40,-1,-1,3
1171,OTHER,T29,40,3,10,23,-1,-1,SELLER,03T29@0,0,40,-1,-1,0
1170,OTHER,T20,40,2,10,23,-1,-1,SELLER,02T20@0,0,40,-1,-1,0
1180,OTHER,T29,40,1,10,23,-1,-1,SELLER,03T29@0,0,40,-1,-1,0
1181,OTHER,T37,40,1,10,23,-1,-1,SELLER,01T37@0,0,40,-1,-1,0
1182,OTHER,T20,40,1,10,23,-1,-1,SELLER,04T20@0,0,40,-1,-1,0
1537,T37,T12,40,2,33,-1,-1,39,07T37@1,10T12@2,17,-1,-1,-1,2
1183,OTHER,T12,40,3,10,23,-1,-1,SELLER,00T12@0,0,40,-1,-1,0
1175,OTHER,T20,40,3,10,23,-1,-1,SELLER,02T20@0,0,40,-1,-1,0
1192,T12,OTHER,40,3,44,-1,-1,-1,09T12@2,BUYER,0,-1,-1,-1,3
1166,OTHER,T20,40,2,10,23,-1,-1,SELLER,04T20@0,0,40,-1,-1,0
1518,T37,T12,40,2,30,36,-1,36,06T37@1,10T12@2,17,40,-1,-1,2
1167,OTHER,T20,40,8,10,23,-1,-1,SELLER,04T20@0,0,40,-1,-1,0
1501,T12,T37,40,1,22,-1,-1,34,00T12@0,06T37@1,17,-1,-1,-1,1
1516,T37,T12,40,2,30,36,-1,36,06T37@1,10T12@2,17,40,-1,-1,2
1191,T12,OTHER,40,2,44,-1,-1,-1,10T12@2,BUYER,0,-1,-1,-1,3
1510,T37,T37,40,8,31,35,-1,35,01T37@0,06T37@1,17,40,-1,-1,1
1190,T12,OTHER,40,5,44,-1,-1,-1,10T12@2,BUYER,0,-1,-1,-1,3
1184,T20,OTHER,40,6,44,23,-1,-1,08T20@2,BUYER,0,40,-1,-1,3
1169,OTHER,T12,40,3,10,23,-1,-1,SELLER,00T12@0,0,40,-1,-1,0
1189,T12,OTHER,40,1,44,-1,-1,-1,10T12@2,BUYER,0,-1,-1,-1,3
1168,T29,OTHER,40,2,44,23,-1,-1,11T29@2,BUYER,0,40,-1,-1,3
1211,T29,OTHER,41,4,44,24,-1,-1,11T29@2,BUYER,0,41,-1,-1,3
1210,T20,OTHER,41,2,44,24,-1,-1,08T20@2,BUYER,0,41,-1,-1,3
1207,OTHER,T29,41,3,10,24,-1,-1,SELLER,03T29@0,0,41,-1,-1,0
1203,T12,OTHER,41,4,44,24,-1,-1,09T12@2,BUYER,0,41,-1,-1,3
1204,T12,OTHER,41,4,44,24,-1,-1,10T12@2,BUYER,0,41,-1,-1,3
1202,T20,OTHER,41,4,44,24,-1,-1,08T20@2,BUYER,0,41,-1,-1,3
1198,OTHER,T20,41,1,10,24,-1,-1,SELLER,02T20@0,0,41,-1,-1,0
1212,OTHER,T37,41,3,10,24,-1,-1,SELLER,01T37@0,0,41,-1,-1,0
1196,OTHER,T20,41,2,10,24,-1,-1,SELLER,04T20@0,0,41,-1,-1,0
1195,OTHER,T29,41,2,10,24,-1,-1,SELLER,03T29@0,0,41,-1,-1,0
1194,OTHER,T37,41,3,10,24,-1,-1,SELLER,01T37@0,0,41,-1,-1,0
1205,OTHER,T20,41,4,10,24,-1,-1,SELLER,02T20@0,0,41,-1,-1,0
1197,T12,OTHER,41,3,44,24,-1,-1,09T12@2,BUYER,0,41,-1,-1,3
1220,OTHER,T20,41,3,10,24,-1,-1,SELLER,02T20@0,0,41,-1,-1,0
1215,OTHER,T29,41,5,10,24,-1,-1,SELLER,03T29@0,0,41,-1,-1,0
1508,T37,T12,41,2,32,35,-1,35,06T37@1,09T12@2,17,41,-1,-1,2
1214,OTHER,T20,41,5,10,24,-1,-1,SELLER,04T20@0,0,41,-1,-1,0
1460,T12,T37,41,2,22,32,-1,32,00T12@0,06T37@1,17,41,-1,-1,1
1227,OTHER,T12,41,5,10,-1,-1,-1,SELLER,00T12@0,0,-1,-1,-1,0
1226,OTHER,T12,41,3,10,-1,-1,-1,SELLER,00T12@0,0,-1,-1,-1,0
1446,T12,T37,41,9,32,-1,-1,31,00T12@0,07T37@1,17,-1,-1,-1,1
1229,OTHER,T12,41,3,10,-1,-1,-1,SELLER,00T12@0,0,-1,-1,-1,0
1223,OTHER,T20,41,1,10,24,-1,-1,SELLER,04T20@0,0,41,-1,-1,0
1222,T29,OTHER,41,4,44,24,-1,-1,11T29@2,BUYER,0,41,-1,-1,3
1221,T12,OTHER,41,3,44,24,-1,-1,09T12@2,BUYER,0,41,-1,-1,3
1491,T37,T12,41,2,32,34,-1,34,06T37@1,09T12@2,17,41,-1,-1,2
1218,T29,OTHER,41,2,44,24,-1,-1,11T29@2,BUYER,0,41,-1,-1,3
1216,OTHER,T37,41,2,10,24,-1,-1,SELLER,01T37@0,0,41,-1,-1,0
1224,OTHER,T20,41,5,10,24,-1,-1,SELLER,04T20@0,0,41,-1,-1,0
1506,T12,T37,42,10,31,-1,-1,34,00T12@0,07T37@1,17,-1,-1,-1,1
1509,T37,T12,42,2,32,35,-1,35,06T37@1,10T12@2,17,42,-1,-1,2
1476,T37,T37,42,5,32,33,-1,33,01T37@0,06T37@1,17,42,-1,-1,1
1474,T12,T37,42,5,32,33,-1,33,00T12@0,07T37@1,17,42,-1,-1,1
1555,T37,T12,42,10,15,-1,-1,41,06T37@1,10T12@2,17,-1,-1,-1,2
1472,T12,T37,42,9,32,-1,-1,32,00T12@0,07T37@1,17,-1,-1,-1,1
1533,T37,T12,42,10,16,-1,-1,38,06T37@1,09T12@2,17,-1,-1,-1,2
1540,T37,T12,42,2,30,-1,-1,39,07T37@1,09T12@2,17,-1,-1,-1,2
1541,T37,T12,42,2,30,-1,-1,39,07T37@1,10T12@2,17,-1,-1,-1,2
1462,T37,T37,42,9,32,32,-1,32,01T37@0,07T37@1,17,42,-1,-1,1
1523,T37,T12,42,2,30,37,-1,37,06T37@1,09T12@2,17,42,-1,-1,2
1483,T12,T37,42,5,32,33,-1,33,00T12@0,06T37@1,17,42,-1,-1,1
1260,OTHER,T12,42,2,10,-1,-1,-1,SELLER,00T12@0,0,-1,-1,-1,0
1230,T12,OTHER,42,4,44,25,-1,-1,09T12@2,BUYER,0,42,-1,-1,3
1253,OTHER,T29,42,2,10,25,-1,-1,SELLER,03T29@0,0,42,-1,-1,0
1252,OTHER,T29,42,4,10,25,-1,-1,SELLER,03T29@0,0,42,-1,-1,0
1251,T20,OTHER,42,2,44,25,-1,-1,08T20@2,BUYER,0,42,-1,-1,3
1233,OTHER,T29,42,3,10,25,-1,-1,SELLER,03T29@0,0,42,-1,-1,0
1249,T20,OTHER,42,3,44,25,-1,-1,08T20@2,BUYER,0,42,-1,-1,3
1248,T12,OTHER,42,1,44,25,-1,-1,10T12@2,BUYER,0,42,-1,-1,3
1247,OTHER,T20,42,3,10,25,-1,-1,SELLER,04T20@0,0,42,-1,-1,0
1231,OTHER,T20,42,5,10,25,-1,-1,SELLER,02T20@0,0,42,-1,-1,0
1246,T12,OTHER,42,1,44,25,-1,-1,09T12@2,BUYER,0,42,-1,-1,3
1259,T12,OTHER,42,6,44,-1,-1,-1,10T12@2,BUYER,0,-1,-1,-1,3
1245,T29,OTHER,42,2,44,25,-1,-1,11T29@2,BUYER,0,42,-1,-1,3
1232,T29,OTHER,42,5,44,25,-1,-1,11T29@2,BUYER,0,42,-1,-1,3
1244,OTHER,T37,42,4,10,25,-1,-1,SELLER,01T37@0,0,42,-1,-1,0
1243,OTHER,T20,42,2,10,25,-1,-1,SELLER,02T20@0,0,42,-1,-1,0
1242,T20,OTHER,42,3,44,25,-1,-1,08T20@2,BUYER,0,42,-1,-1,3
1241,OTHER,T20,42,2,10,25,-1,-1,SELLER,02T20@0,0,42,-1,-1,0
1240,OTHER,T20,42,5,10,25,-1,-1,SELLER,04T20@0,0,42,-1,-1,0
1239,T12,OTHER,42,3,44,25,-1,-1,09T12@2,BUYER,0,42,-1,-1,3
1238,OTHER,T37,42,2,10,25,-1,-1,SELLER,01T37@0,0,42,-1,-1,0
1237,OTHER,T29,42,3,10,25,-1,-1,SELLER,03T29@0,0,42,-1,-1,0
1236,OTHER,T20,42,5,10,25,-1,-1,SELLER,02T20@0,0,42,-1,-1,0
1234,OTHER,T20,42,3,10,25,-1,-1,SELLER,04T20@0,0,42,-1,-1,0
1255,OTHER,T12,42,5,10,-1,-1,-1,SELLER,00T12@0,0,-1,-1,-1,0
1277,T20,OTHER,43,2,44,26,-1,-1,08T20@2,BUYER,0,43,-1,-1,3
1276,OTHER,T29,43,5,10,26,-1,-1,SELLER,03T29@0,0,43,-1,-1,0
1275,OTHER,T37,43,5,10,26,-1,-1,SELLER,01T37@0,0,43,-1,-1,0
1274,T12,OTHER,43,4,44,26,-1,-1,10T12@2,BUYER,0,43,-1,-1,3
1273,OTHER,T29,43,3,10,26,-1,-1,SELLER,03T29@0,0,43,-1,-1,0
1281,T29,OTHER,43,3,44,26,-1,-1,11T29@2,BUYER,0,43,-1,-1,3
1272,OTHER,T20,43,2,10,26,-1,-1,SELLER,02T20@0,0,43,-1,-1,0
1282,T20,OTHER,43,5,44,26,-1,-1,08T20@2,BUYER,0,43,-1,-1,3
1283,OTHER,T20,43,2,10,26,-1,-1,SELLER,04T20@0,0,43,-1,-1,0
1284,OTHER,T37,43,2,10,26,-1,-1,SELLER,01T37@0,0,43,-1,-1,0
1286,T29,OTHER,43,2,44,26,-1,-1,11T29@2,BUYER,0,43,-1,-1,3
1287,OTHER,T20,43,1,10,26,-1,-1,SELLER,04T20@0,0,43,-1,-1,0
1294,T12,OTHER,43,1,44,-1,-1,-1,09T12@2,BUYER,0,-1,-1,-1,3
1278,OTHER,T20,43,4,10,26,-1,-1,SELLER,04T20@0,0,43,-1,-1,0
1270,OTHER,T12,43,1,10,26,-1,-1,SELLER,00T12@0,0,43,-1,-1,0
1285,OTHER,T20,43,6,10,26,-1,-1,SELLER,04T20@0,0,43,-1,-1,0
1268,OTHER,T20,43,5,10,26,-1,-1,SELLER,02T20@0,0,43,-1,-1,0
1520,T37,T12,43,2,30,37,-1,37,07T37@1,10T12@2,17,43,-1,-1,2
1517,T37,T12,43,2,32,36,-1,36,07T37@1,09T12@2,17,43,-1,-1,2
1512,T12,T37,43,2,20,-1,-1,35,00T12@0,07T37@1,17,-1,-1,-1,1
1511,T37,T12,43,2,32,35,-1,35,06T37@1,10T12@2,17,43,-1,-1,2
1499,T12,T37,43,2,22,-1,-1,34,00T12@0,06T37@1,17,-1,-1,-1,1
1528,T37,T12,43,2,30,38,-1,38,07T37@1,10T12@2,17,43,-1,-1,2
1530,T37,T37,43,9,31,38,-1,38,01T37@0,06T37@1,17,43,-1,-1,1
1295,T12,OTHER,43,5,44,-1,-1,-1,09T12@2,BUYER,0,-1,-1,-1,3
1269,OTHER,T29,43,3,10,26,-1,-1,SELLER,03T29@0,0,43,-1,-1,0
1262,T12,OTHER,43,2,44,26,-1,-1,10T12@2,BUYER,0,43,-1,-1,3
1265,OTHER,T12,43,5,10,26,-1,-1,SELLER,00T12@0,0,43,-1,-1,0
1266,OTHER,T37,43,3,10,26,-1,-1,SELLER,01T37@0,0,43,-1,-1,0
1267,T29,OTHER,43,6,44,26,-1,-1,11T29@2,BUYER,0,43,-1,-1,3
1263,OTHER,T20,43,3,10,26,-1,-1,SELLER,02T20@0,0,43,-1,-1,0
1553,T37,T12,44,2,30,-1,-1,41,07T37@1,10T12@2,17,-1,-1,-1,2
1551,T37,T12,44,2,30,-1,-1,41,07T37@1,10T12@2,17,-1,-1,-1,2
1557,T37,T12,44,2,30,-1,-1,41,07T37@1,10T12@2,17,-1,-1,-1,2
1558,T37,T12,44,2,30,-1,-1,41,07T37@1,09T12@2,17,-1,-1,-1,2
1539,T37,T12,44,2,30,-1,-1,39,06T37@1,09T12@2,17,-1,-1,-1,2
1318,T12,OTHER,44,3,44,27,-1,-1,09T12@2,BUYER,0,44,-1,-1,3
1549,T37,T12,44,2,30,-1,-1,40,06T37@1,10T12@2,17,-1,-1,-1,2
1547,T37,T12,44,2,30,-1,-1,40,06T37@1,09T12@2,17,-1,-1,-1,2
1545,T37,T12,44,2,30,-1,-1,40,06T37@1,09T12@2,17,-1,-1,-1,2
1544,T37,T12,44,2,30,-1,-1,40,06T37@1,09T12@2,17,-1,-1,-1,2
1297,OTHER,T37,44,1,10,27,-1,-1,SELLER,01T37@0,0,44,-1,-1,0
1319,OTHER,T20,44,1,10,27,-1,-1,SELLER,04T20@0,0,44,-1,-1,0
1301,OTHER,T12,44,2,10,27,-1,-1,SELLER,00T12@0,0,44,-1,-1,0
1300,OTHER,T29,44,3,10,27,-1,-1,SELLER,03T29@0,0,44,-1,-1,0
1302,T20,OTHER,44,3,44,27,-1,-1,08T20@2,BUYER,0,44,-1,-1,3
1303,T20,OTHER,44,4,44,27,-1,-1,08T20@2,BUYER,0,44,-1,-1,3
1304,OTHER,T20,44,4,10,27,-1,-1,SELLER,04T20@0,0,44,-1,-1,0
1305,OTHER,T37,44,2,10,27,-1,-1,SELLER,01T37@0,0,44,-1,-1,0
1306,OTHER,T29,44,3,10,27,-1,-1,SELLER,03T29@0,0,44,-1,-1,0
1307,OTHER,T20,44,7,10,27,-1,-1,SELLER,02T20@0,0,44,-1,-1,0
1308,OTHER,T20,44,2,10,27,-1,-1,SELLER,02T20@0,0,44,-1,-1,0
1309,T29,OTHER,44,2,44,27,-1,-1,11T29@2,BUYER,0,44,-1,-1,3
1311,T12,OTHER,44,5,44,27,-1,-1,09T12@2,BUYER,0,44,-1,-1,3
1312,OTHER,T12,44,2,10,27,-1,-1,SELLER,00T12@0,0,44,-1,-1,0
1313,T12,OTHER,44,1,44,27,-1,-1,09T12@2,BUYER,0,44,-1,-1,3
1314,T29,OTHER,44,3,44,27,-1,-1,11T29@2,BUYER,0,44,-1,-1,3
1315,OTHER,T12,44,4,10,27,-1,-1,SELLER,00T12@0,0,44,-1,-1,0
1324,T12,OTHER,44,2,44,-1,-1,-1,10T12@2,BUYER,0,-1,-1,-1,3
1323,T12,OTHER,44,5,44,-1,-1,-1,10T12@2,BUYER,0,-1,-1,-1,3
1322,T12,OTHER,44,2,44,-1,-1,-1,10T12@2,BUYER,0,-1,-1,-1,3
1321,OTHER,T12,44,6,10,-1,-1,-1,SELLER,00T12@0,0,-1,-1,-1,0
1317,OTHER,T20,44,4,10,27,-1,-1,SELLER,04T20@0,0,44,-1,-1,0
1299,OTHER,T37,44,5,10,27,-1,-1,SELLER,01T37@0,0,44,-1,-1,0
1298,OTHER,T29,44,4,10,27,-1,-1,SELLER,03T29@0,0,44,-1,-1,0
1522,T37,T12,44,2,32,37,-1,37,06T37@1,09T12@2,17,44,-1,-1,2
1529,T37,T12,45,2,32,38,-1,38,07T37@1,10T12@2,17,45,-1,-1,2
1336,OTHER,T20,45,3,10,28,-1,-1,SELLER,02T20@0,0,45,-1,-1,0
1337,OTHER,T20,45,2,10,28,-1,-1,SELLER,04T20@0,0,45,-1,-1,0
1338,OTHER,T20,45,4,10,28,-1,-1,SELLER,02T20@0,0,45,-1,-1,0
1339,OTHER,T20,45,2,10,28,-1,-1,SELLER,02T20@0,0,45,-1,-1,0
1340,T29,OTHER,45,2,44,28,-1,-1,11T29@2,BUYER,0,45,-1,-1,3
1341,OTHER,T37,45,3,10,28,-1,-1,SELLER,01T37@0,0,45,-1,-1,0
1342,OTHER,T20,45,6,10,28,-1,-1,SELLER,04T20@0,0,45,-1,-1,0
1343,T12,OTHER,45,1,44,28,-1,-1,09T12@2,BUYER,0,45,-1,-1,3
1344,OTHER,T37,45,4,10,28,-1,-1,SELLER,01T37@0,0,45,-1,-1,0
1345,OTHER,T12,45,4,10,28,-1,-1,SELLER,00T12@0,0,45,-1,-1,0
1346,OTHER,T12,45,4,10,28,-1,-1,SELLER,00T12@0,0,45,-1,-1,0
1349,OTHER,T29,45,3,10,28,-1,-1,SELLER,03T29@0,0,45,-1,-1,0
1350,OTHER,T29,45,3,10,28,-1,-1,SELLER,03T29@0,0,45,-1,-1,0
1351,T12,OTHER,45,5,44,-1,-1,-1,10T12@2,BUYER,0,-1,-1,-1,3
1353,T12,OTHER,45,6,44,-1,-1,-1,09T12@2,BUYER,0,-1,-1,-1,3
1355,T12,OTHER,45,3,44,-1,-1,-1,10T12@2,BUYER,0,-1,-1,-1,3
1357,T12,OTHER,45,2,44,-1,-1,-1,09T12@2,BUYER,0,-1,-1,-1,3
1335,T12,OTHER,45,1,44,28,-1,-1,10T12@2,BUYER,0,45,-1,-1,3
1334,OTHER,T29,45,3,10,28,-1,-1,SELLER,03T29@0,0,45,-1,-1,0
1550,T37,T12,45,10,16,-1,-1,41,06T37@1,09T12@2,17,-1,-1,-1,2
1333,OTHER,T12,45,3,10,28,-1,-1,SELLER,00T12@0,0,45,-1,-1,0
1519,T12,T37,45,2,22,-1,-1,36,00T12@0,07T37@1,17,-1,-1,-1,1
1527,T37,T12,45,2,32,38,-1,38,07T37@1,09T12@2,17,45,-1,-1,2
1327,OTHER,T20,45,2,10,28,-1,-1,SELLER,04T20@0,0,45,-1,-1,0
1328,T20,OTHER,45,2,44,28,-1,-1,08T20@2,BUYER,0,45,-1,-1,3
1521,T37,T12,45,2,32,37,-1,37,07T37@1,09T12@2,17,45,-1,-1,2
1330,T29,OTHER,45,3,44,28,-1,-1,11T29@2,BUYER,0,45,-1,-1,3
1513,T12,T37,45,8,32,-1,-1,35,00T12@0,06T37@1,17,-1,-1,-1,1
1332,OTHER,T29,45,4,10,28,-1,-1,SELLER,03T29@0,0,45,-1,-1,0
1524,T12,T37,45,10,31,-1,-1,37,00T12@0,07T37@1,17,-1,-1,-1,1
1331,T20,OTHER,45,5,44,28,-1,-1,08T20@2,BUYER,0,45,-1,-1,3
1362,T20,OTHER,46,2,44,29,-1,-1,08T20@2,BUYER,0,46,-1,-1,3
1360,OTHER,T20,46,5,10,29,-1,-1,SELLER,02T20@0,0,46,-1,-1,0
1387,OTHER,T37,46,3,10,-1,-1,-1,SELLER,01T37@0,0,-1,-1,-1,0
1526,T37,T12,46,2,32,38,-1,38,07T37@1,09T12@2,17,46,-1,-1,2
1388,T12,OTHER,46,3,44,-1,-1,-1,09T12@2,BUYER,0,-1,-1,-1,3
1389,OTHER,T12,46,2,10,-1,-1,-1,SELLER,00T12@0,0,-1,-1,-1,0
1515,T37,T37,46,10,32,36,-1,36,01T37@0,06T37@1,17,46,-1,-1,1
1383,OTHER,T37,46,3,10,-1,-1,-1,SELLER,01T37@0,0,-1,-1,-1,0
1538,T37,T12,46,2,32,-1,-1,39,06T37@1,09T12@2,17,-1,-1,-1,2
1391,OTHER,T12,46,5,10,-1,-1,-1,SELLER,00T12@0,0,-1,-1,-1,0
1363,OTHER,T29,46,2,10,29,-1,-1,SELLER,03T29@0,0,46,-1,-1,0
1525,T12,T37,46,2,22,-1,-1,37,00T12@0,06T37@1,17,-1,-1,-1,1
1536,T37,T12,46,2,32,-1,-1,39,06T37@1,10T12@2,17,-1,-1,-1,2
1390,OTHER,T12,46,4,10,-1,-1,-1,SELLER,00T12@0,0,-1,-1,-1,0
1359,T29,OTHER,46,4,44,29,-1,-1,11T29@2,BUYER,0,46,-1,-1,3
1384,T12,OTHER,46,5,44,-1,-1,-1,10T12@2,BUYER,0,-1,-1,-1,3
1381,OTHER,T20,46,4,10,29,-1,-1,SELLER,04T20@0,0,46,-1,-1,0
1370,OTHER,T20,46,1,10,29,-1,-1,SELLER,02T20@0,0,46,-1,-1,0
1375,OTHER,T29,46,2,10,29,-1,-1,SELLER,03T29@0,0,46,-1,-1,0
1369,T29,OTHER,46,3,44,29,-1,-1,11T29@2,BUYER,0,46,-1,-1,3
1372,T29,OTHER,46,1,44,29,-1,-1,11T29@2,BUYER,0,46,-1,-1,3
1379,OTHER,T20,46,3,10,29,-1,-1,SELLER,04T20@0,0,46,-1,-1,0
1371,T20,OTHER,46,5,44,29,-1,-1,08T20@2,BUYER,0,46,-1,-1,3
1368,T20,OTHER,46,4,44,29,-1,-1,08T20@2,BUYER,0,46,-1,-1,3
1378,OTHER,T20,46,5,10,29,-1,-1,SELLER,04T20@0,0,46,-1,-1,0
1385,OTHER,T37,46,4,10,-1,-1,-1,SELLER,01T37@0,0,-1,-1,-1,0
1377,T12,OTHER,46,3,44,29,-1,-1,10T12@2,BUYER,0,46,-1,-1,3
1376,OTHER,T29,46,5,10,29,-1,-1,SELLER,03T29@0,0,46,-1,-1,0
1374,OTHER,T20,46,2,10,29,-1,-1,SELLER,04T20@0,0,46,-1,-1,0
1422,OTHER,T37,47,3,10,-1,-1,-1,SELLER,01T37@0,0,-1,-1,-1,0
1419,OTHER,T12,47,5,10,-1,-1,-1,SELLER,00T12@0,0,-1,-1,-1,0
1394,T29,OTHER,47,1,44,30,-1,-1,11T29@2,BUYER,0,47,-1,-1,3
1403,OTHER,T29,47,4,10,30,-1,-1,SELLER,03T29@0,0,47,-1,-1,0
1393,T12,OTHER,47,2,44,30,-1,-1,10T12@2,BUYER,0,47,-1,-1,3
1392,T20,OTHER,47,3,44,30,-1,-1,08T20@2,BUYER,0,47,-1,-1,3
1417,OTHER,T12,47,3,10,-1,-1,-1,SELLER,00T12@0,0,-1,-1,-1,0
1406,T12,OTHER,47,5,44,30,-1,-1,10T12@2,BUYER,0,47,-1,-1,3
1414,T29,OTHER,47,5,44,30,-1,-1,11T29@2,BUYER,0,47,-1,-1,3
1413,OTHER,T20,47,4,10,30,-1,-1,SELLER,02T20@0,0,47,-1,-1,0
1407,OTHER,T20,47,1,10,30,-1,-1,SELLER,04T20@0,0,47,-1,-1,0
1411,T12,OTHER,47,2,44,30,-1,-1,10T12@2,BUYER,0,47,-1,-1,3
1410,OTHER,T20,47,1,10,30,-1,-1,SELLER,02T20@0,0,47,-1,-1,0
1418,OTHER,T12,47,2,10,-1,-1,-1,SELLER,00T12@0,0,-1,-1,-1,0
1404,OTHER,T20,47,3,10,30,-1,-1,SELLER,02T20@0,0,47,-1,-1,0
1532,T12,T37,47,2,22,-1,-1,38,00T12@0,07T37@1,17,-1,-1,-1,1
1561,T37,T12,47,2,30,-1,-1,42,07T37@1,10T12@2,17,-1,-1,-1,2
1402,T20,OTHER,47,2,44,30,-1,-1,08T20@2,BUYER,0,47,-1,-1,3
1401,OTHER,T29,47,4,10,30,-1,-1,SELLER,03T29@0,0,47,-1,-1,0
1552,T37,T12,47,2,32,-1,-1,41,07T37@1,10T12@2,17,-1,-1,-1,2
1408,OTHER,T20,47,2,10,30,-1,-1,SELLER,04T20@0,0,47,-1,-1,0
1543,T37,T12,47,2,32,-1,-1,40,06T37@1,10T12@2,17,-1,-1,-1,2
1400,T29,OTHER,47,3,44,30,-1,-1,11T29@2,BUYER,0,47,-1,-1,3
1399,OTHER,T37,47,4,10,30,-1,-1,SELLER,01T37@0,0,47,-1,-1,0
1398,T12,OTHER,47,4,44,30,-1,-1,09T12@2,BUYER,0,47,-1,-1,3
1397,T20,OTHER,47,3,44,30,-1,-1,08T20@2,BUYER,0,47,-1,-1,3
1556,T37,T12,47,2,32,-1,-1,41,07T37@1,09T12@2,17,-1,-1,-1,2
1405,OTHER,T29,47,3,10,30,-1,-1,SELLER,03T29@0,0,47,-1,-1,0
1396,OTHER,T20,47,5,10,30,-1,-1,SELLER,02T20@0,0,47,-1,-1,0
1563,T37,T12,47,2,30,-1,-1,42,06T37@1,09T12@2,17,-1,-1,-1,2
1409,OTHER,T20,47,6,10,30,-1,-1,SELLER,04T20@0,0,47,-1,-1,0
1565,T37,T12,47,2,30,-1,-1,42,06T37@1,09T12@2,17,-1,-1,-1,2
1564,T37,T12,47,2,30,-1,-1,42,07T37@1,09T12@2,17,-1,-1,-1,2
1584,T37,T12,48,2,30,-1,-1,45,07T37@1,09T12@2,17,-1,-1,-1,2
1548,T37,T12,48,2,32,-1,-1,40,06T37@1,10T12@2,17,-1,-1,-1,2
1534,T12,T37,48,2,22,39,-1,39,00T12@0,07T37@1,17,48,-1,-1,1
1546,T12,T37,48,2,22,-1,-1,40,00T12@0,06T37@1,17,-1,-1,-1,1
1572,T37,T12,48,2,30,-1,-1,44,06T37@1,10T12@2,17,-1,-1,-1,2
1531,T12,T37,48,9,32,-1,-1,38,00T12@0,06T37@1,17,-1,-1,-1,1
1573,T37,T12,48,2,30,-1,-1,44,07T37@1,09T12@2,17,-1,-1,-1,2
1574,T37,T12,48,2,30,-1,-1,44,07T37@1,09T12@2,17,-1,-1,-1,2
1575,T37,T12,48,2,30,-1,-1,44,06T37@1,10T12@2,17,-1,-1,-1,2
1542,T37,T12,48,2,32,-1,-1,40,07T37@1,09T12@2,17,-1,-1,-1,2
1576,T37,T12,48,2,30,-1,-1,44,07T37@1,10T12@2,17,-1,-1,-1,2
1577,T37,T12,48,2,30,-1,-1,44,06T37@1,09T12@2,17,-1,-1,-1,2
1579,T37,T12,48,2,30,-1,-1,44,07T37@1,09T12@2,17,-1,-1,-1,2
1580,T37,T12,48,2,30,-1,-1,44,06T37@1,09T12@2,17,-1,-1,-1,2
1559,T37,T12,48,2,32,-1,-1,41,07T37@1,09T12@2,17,-1,-1,-1,2
1570,T37,T12,48,2,30,-1,-1,43,07T37@1,09T12@2,17,-1,-1,-1,2
1586,T37,T12,48,2,30,-1,-1,45,07T37@1,10T12@2,17,-1,-1,-1,2
1582,T37,T12,48,2,30,-1,-1,44,06T37@1,10T12@2,17,-1,-1,-1,2
1583,T37,T12,48,2,30,-1,-1,45,07T37@1,09T12@2,17,-1,-1,-1,2
1535,T12,T37,48,2,22,39,-1,39,00T12@0,06T37@1,17,48,-1,-1,1
1455,OTHER,T37,48,3,10,-1,-1,-1,SELLER,01T37@0,0,-1,-1,-1,0
1447,OTHER,T37,48,5,10,-1,-1,-1,SELLER,01T37@0,0,-1,-1,-1,0
1452,OTHER,T12,48,3,10,-1,-1,-1,SELLER,00T12@0,0,-1,-1,-1,0
1450,T12,OTHER,48,4,44,-1,-1,-1,10T12@2,BUYER,0,-1,-1,-1,3
1448,OTHER,T37,48,2,10,-1,-1,-1,SELLER,01T37@0,0,-1,-1,-1,0
1430,T20,OTHER,48,1,44,31,-1,-1,08T20@2,BUYER,0,48,-1,-1,3
1445,T20,OTHER,48,4,44,31,-1,-1,08T20@2,BUYER,0,48,-1,-1,3
1444,OTHER,T29,48,3,10,31,-1,-1,SELLER,03T29@0,0,48,-1,-1,0
1443,OTHER,T20,48,6,10,31,-1,-1,SELLER,04T20@0,0,48,-1,-1,0
1453,OTHER,T12,48,4,10,-1,-1,-1,SELLER,00T12@0,0,-1,-1,-1,0
1442,OTHER,T20,48,1,10,31,-1,-1,SELLER,02T20@0,0,48,-1,-1,0
1440,OTHER,T20,48,5,10,31,-1,-1,SELLER,02T20@0,0,48,-1,-1,0
1432,OTHER,T20,48,2,10,31,-1,-1,SELLER,04T20@0,0,48,-1,-1,0
1439,OTHER,T29,48,4,10,31,-1,-1,SELLER,03T29@0,0,48,-1,-1,0
1433,OTHER,T29,48,2,10,31,-1,-1,SELLER,03T29@0,0,48,-1,-1,0
1438,T20,OTHER,48,4,44,31,-1,-1,08T20@2,BUYER,0,48,-1,-1,3
1437,T12,OTHER,48,3,44,31,-1,-1,09T12@2,BUYER,0,48,-1,-1,3
1436,T29,OTHER,48,4,44,31,-1,-1,11T29@2,BUYER,0,48,-1,-1,3
1441,OTHER,T29,48,2,10,31,-1,-1,SELLER,03T29@0,0,48,-1,-1,0
1435,T12,OTHER,48,3,44,31,-1,-1,09T12@2,BUYER,0,48,-1,-1,3
1434,OTHER,T20,48,2,10,31,-1,-1,SELLER,04T20@0,0,48,-1,-1,0
1425,OTHER,T29,48,4,10,31,-1,-1,SELLER,03T29@0,0,48,-1,-1,0
1427,T20,OTHER,48,4,44,31,-1,-1,08T20@2,BUYER,0,48,-1,-1,3
1428,T29,OTHER,48,3,44,31,-1,-1,11T29@2,BUYER,0,48,-1,-1,3
1429,OTHER,T20,48,2,10,31,-1,-1,SELLER,02T20@0,0,48,-1,-1,0
1464,T20,OTHER,49,3,44,32,-1,-1,08T20@2,BUYER,0,49,-1,-1,3
1562,T37,T12,49,2,32,-1,-1,42,06T37@1,10T12@2,17,-1,-1,-1,2
1466,T12,OTHER,49,3,44,-1,-1,-1,09T12@2,BUYER,0,-1,-1,-1,3
1554,T37,T12,49,2,32,-1,-1,41,07T37@1,09T12@2,17,-1,-1,-1,2
1560,T37,T12,49,2,32,-1,-1,42,07T37@1,10T12@2,17,-1,-1,-1,2
1458,T20,OTHER,49,5,44,32,-1,-1,08T20@2,BUYER,0,49,-1,-1,3
1463,T20,OTHER,49,2,44,32,-1,-1,08T20@2,BUYER,0,49,-1,-1,3
1461,T29,OTHER,49,4,44,32,-1,-1,11T29@2,BUYER,0,49,-1,-1,3
1459,T29,OTHER,49,1,44,32,-1,-1,11T29@2,BUYER,0,49,-1,-1,3
1457,T20,OTHER,49,2,44,32,-1,-1,08T20@2,BUYER,0,49,-1,-1,3
1470,T12,OTHER,49,7,44,-1,-1,-1,10T12@2,BUYER,0,-1,-1,-1,3
1456,T29,OTHER,49,3,44,32,-1,-1,11T29@2,BUYER,0,49,-1,-1,3
1484,T20,OTHER,50,1,44,33,-1,-1,08T20@2,BUYER,0,50,-1,-1,3
1475,T20,OTHER,50,2,44,33,-1,-1,08T20@2,BUYER,0,50,-1,-1,3
1486,T12,OTHER,50,4,44,-1,-1,-1,09T12@2,BUYER,0,-1,-1,-1,3
1581,T37,T12,50,2,32,-1,-1,44,06T37@1,09T12@2,17,-1,-1,-1,2
1566,T37,T12,50,2,32,-1,-1,42,06T37@1,10T12@2,17,-1,-1,-1,2
1568,T37,T12,50,2,32,-1,-1,43,07T37@1,10T12@2,17,-1,-1,-1,2
1477,T29,OTHER,50,3,44,33,-1,-1,11T29@2,BUYER,0,50,-1,-1,3
1488,T12,OTHER,50,5,44,-1,-1,-1,10T12@2,BUYER,0,-1,-1,-1,3
1481,T12,OTHER,50,2,44,33,-1,-1,09T12@2,BUYER,0,50,-1,-1,3
1487,T12,OTHER,50,3,44,-1,-1,-1,09T12@2,BUYER,0,-1,-1,-1,3
1480,T20,OTHER,50,7,44,33,-1,-1,08T20@2,BUYER,0,50,-1,-1,3
1478,T29,OTHER,50,3,44,33,-1,-1,11T29@2,BUYER,0,50,-1,-1,3
1578,T37,T12,51,2,32,-1,-1,44,07T37@1,10T12@2,17,-1,-1,-1,2
1585,T37,T12,51,2,30,-1,-1,45,06T37@1,10T12@2,17,-1,-1,-1,2
1587,T37,T12,51,2,30,-1,-1,45,06T37@1,09T12@2,17,-1,-1,-1,2
1588,T37,T12,51,2,30,-1,-1,46,07T37@1,10T12@2,17,-1,-1,-1,2
1589,T37,T12,51,2,30,-1,-1,46,07T37@1,10T12@2,17,-1,-1,-1,2
1504,T12,OTHER,51,4,44,-1,-1,-1,09T12@2,BUYER,0,-1,-1,-1,3
1569,T37,T12,51,2,32,-1,-1,43,06T37@1,09T12@2,17,-1,-1,-1,2
1567,T37,T12,51,2,32,-1,-1,43,06T37@1,10T12@2,17,-1,-1,-1,2
1505,T12,OTHER,51,2,44,-1,-1,-1,10T12@2,BUYER,0,-1,-1,-1,3
1590,T37,T12,51,2,30,-1,-1,46,07T37@1,09T12@2,17,-1,-1,-1,2
1489,T20,OTHER,51,5,44,34,-1,-1,08T20@2,BUYER,0,51,-1,-1,3
1490,T20,OTHER,51,3,44,34,-1,-1,08T20@2,BUYER,0,51,-1,-1,3
1494,T12,OTHER,51,2,44,34,-1,-1,09T12@2,BUYER,0,51,-1,-1,3
1496,T29,OTHER,51,3,44,34,-1,-1,11T29@2,BUYER,0,51,-1,-1,3
1497,T20,OTHER,51,2,44,34,-1,-1,08T20@2,BUYER,0,51,-1,-1,3
1500,T12,OTHER,51,3,44,-1,-1,-1,09T12@2,BUYER,0,-1,-1,-1,3
1502,T12,OTHER,51,3,44,-1,-1,-1,10T12@2,BUYER,0,-1,-1,-1,3
1503,T12,OTHER,51,3,44,-1,-1,-1,09T12@2,BUYER,0,-1,-1,-1,3
1571,T37,T12,51,2,32,-1,-1,43,07T37@1,10T12@2,17,-1,-1,-1,2
1591,T37,T12,51,2,30,-1,-1,46,07T37@1,09T12@2,17,-1,-1,-1,2
